{"stats":{"minecraft:custom":{"minecraft:mob_kills":18,"minecraft:interact_with_crafting_table":52,"minecraft:open_barrel":33,"goblintraders:trade_with_goblin":60,"minecraft:leave_game":2,"minecraft:time_since_death":45911,"minecraft:climb_one_cm":3359,"minecraft:damage_resisted":2,"minecraft:sprint_one_cm":381316,"minecraft:walk_one_cm":403615,"minecraft:drop":104,"minecraft:play_time":169583,"minecraft:deaths":13,"minecraft:sneak_time":7353,"minecraft:walk_under_water_one_cm":15344,"minecraft:jump":2879,"minecraft:interact_with_brewingstand":1,"minecraft:walk_on_water_one_cm":15634,"minecraft:total_world_time":169583,"minecraft:interact_with_furnace":81,"minecraft:sleep_in_bed":7,"minecraft:time_since_rest":9253,"minecraft:damage_taken":5974,"minecraft:damage_absorbed":40,"minecraft:trigger_trapped_chest":9,"minecraft:damage_dealt":3294,"minecraft:swim_one_cm":40748,"minecraft:fly_one_cm":575300,"minecraft:open_chest":33,"minecraft:crouch_one_cm":14943,"tombstone:undead_killed":7,"minecraft:fall_one_cm":85866,"minecraft:horse_one_cm":508},"minecraft:killed_by":{"minecraft:zombie_villager":1,"minecraft:creeper":1,"minecraft:spider":1,"alexsmobs:leafcutter_ant":1,"minecraft:cave_spider":1,"minecraft:skeleton":2,"minecraft:zombie":4,"minecraft:illusioner":1},"minecraft:picked_up":{"minecraft:stone_slab":1,"creatingspace:raw_nickel":1,"minecraft:crafting_table":1,"minecraft:coarse_dirt":1,"byg:soapstone":172,"byg:palm_crafting_table":12,"minecraft:clay_ball":12,"minecraft:flower_pot":2,"minecraft:brown_mushroom":1,"minecraft:wooden_pickaxe":1,"byg:peat":2,"minecraft:raw_copper":89,"minecraft:string":1,"minecraft:red_bed":1,"minecraft:wooden_sword":1,"minecraft:cobbled_deepslate":70,"minecraft:spruce_planks":5,"minecraft:beef":8,"minecraft:calcite":3,"supplementaries:cage":2,"minecraft:melon_slice":195,"minecraft:coal_block":1,"minecraft:furnace":10,"minecraft:stick":80,"minecraft:raw_iron":124,"minecraft:copper_ingot":2,"minecraft:torch":11,"minecraft:spruce_fence":2,"simplevoiceradio:radio_item":1,"createcafe:cassava_seeds":1,"quark:blossom_planks_slab":2,"tombstone:grave_dust":1,"minecraft:diorite":12,"minecraft:redstone":8,"regions_unexplored:barley":12,"minecraft:rotten_flesh":4,"minecraft:arrow":6,"createcafe:coffee_beans":4,"minecraft:music_disc_ward":1,"byg:palm_log":5,"minecraft:cobblestone":1423,"minecraft:mud_bricks":2,"minecraft:andesite":13,"minecraft:jungle_log":12,"minecraft:black_bed":4,"minecraft:leather":6,"minecraft:red_mushroom":1,"delightful:cantaloupe":7,"minecraft:tuff":16,"create:raw_zinc":3,"minecraft:oak_log":18,"minecraft:lapis_lazuli":14,"minecraft:dirt":44,"minecraft:bone":6,"supplementaries:present_orange":1,"delightful:mini_melon":15,"minecraft:wheat_seeds":4,"minecraft:iron_ingot":58,"minecraft:cobweb":6,"tombstone:bag_of_seeds":1,"byg:jacaranda_log":28,"minecraft:gray_bed":2,"sophisticatedbackpacks:diamond_backpack":1,"minecraft:dark_oak_stairs":2,"byg:incan_lily":2,"minecraft:gravel":5,"minecraft:jungle_planks":1,"regions_unexplored:chalk":10,"minecraft:stripped_spruce_log":1,"minecraft:dead_bush":1,"quark:red_blossom_sapling":1,"minecraft:spider_eye":2,"quark:cobblestone_bricks":2,"minecraft:oak_wood":1,"supplementaries:bamboo_spikes":10,"minecraft:diamond":6,"minecraft:iron_helmet":1,"minecraft:emerald":1,"onlyhammersandexcavators:stone_hammer":1,"alexsmobs:maggot":2,"minecraft:oak_sapling":2,"minecraft:coal":168},"minecraft:dropped":{"minecraft:iron_ingot":58,"byg:peat":2,"minecraft:stripped_spruce_log":1,"minecraft:brown_mushroom":1,"minecraft:dark_oak_stairs":2,"minecraft:wheat_seeds":4,"minecraft:lapis_lazuli":14,"quark:red_blossom_sapling":1,"createcafe:coffee_beans":6,"minecraft:iron_helmet":3,"minecraft:cobblestone":51,"minecraft:red_mushroom":1,"minecraft:stick":98,"minecraft:dirt":20,"minecraft:diorite":12,"quark:cobblestone_bricks":2,"minecraft:torch":1,"byg:soapstone":6,"minecraft:melon_slice":95,"regions_unexplored:barley":12,"byg:palm_crafting_table":1,"tombstone:grave_dust":2,"minecraft:potion":1,"minecraft:iron_leggings":2,"minecraft:wooden_sword":2,"byg:incan_lily":1,"byg:jacaranda_log":4,"regions_unexplored:chalk":10,"byg:palm_planks":1,"quark:blossom_planks_slab":2,"delightful:cantaloupe_slice":9,"minecraft:stone_axe":1,"minecraft:coarse_dirt":1,"onlyhammersandexcavators:stone_hammer":1,"minecraft:tuff":13,"minecraft:rotten_flesh":1,"culturaldelights:eggplant_seeds":1,"sophisticatedbackpacks:backpack":1,"minecraft:stone_slab":1,"minecraft:spruce_fence":2,"onlyhammersandexcavators:iron_hammer":1,"createcafe:cassava_seeds":1,"minecraft:mud_bricks":2,"minecraft:flower_pot":2,"sophisticatedbackpacks:magnet_upgrade":1,"minecraft:iron_chestplate":1,"minecraft:spruce_planks":5,"minecraft:oak_wood":1,"minecraft:andesite":6,"minecraft:beetroot_seeds":2,"minecraft:melon_seeds":2,"minecraft:arrow":4,"minecraft:beef":2,"minecraft:wooden_pickaxe":2,"minecraft:stone_pickaxe":1,"minecraft:calcite":1},"minecraft:broken":{"onlyhammersandexcavators:stone_hammer":3,"minecraft:leather_boots":1},"minecraft:crafted":{"byg:jacaranda_planks":56,"minecraft:oak_planks":72,"delightful:cantaloupe_slice":21,"minecraft:coal":9,"minecraft:redstone":9,"onlyhammersandexcavators:iron_hammer":2,"minecraft:melon_slice":45,"quark:jungle_chest":2,"minecraft:furnace":2,"ad_astra:hammer":1,"sophisticatedbackpacks:stack_upgrade_starter_tier":1,"sophisticatedbackpacks:crafting_upgrade":1,"minecraft:iron_bars":16,"minecraft:iron_boots":1,"minecraft:iron_axe":1,"minecraft:stone_pickaxe":1,"onlyhammersandexcavators:stone_hammer":3,"sophisticatedbackpacks:iron_backpack":1,"byg:palm_crafting_table":1,"sophisticatedbackpacks:backpack":2,"minecraft:crafting_table":2,"minecraft:wooden_pickaxe":1,"minecraft:iron_helmet":1,"supplementaries:cage":6,"minecraft:copper_ingot":70,"sophisticatedbackpacks:gold_backpack":1,"minecraft:stone_axe":1,"sophisticatedbackpacks:upgrade_base":2,"minecraft:jungle_slab":24,"minecraft:air":0,"minecraft:jungle_planks":48,"byg:palm_planks":20,"minecraft:iron_chestplate":2,"minecraft:string":6,"quark:oak_chest":1,"sophisticatedbackpacks:diamond_backpack":1,"minecraft:stick":108,"minecraft:iron_ingot":128,"minecraft:iron_pickaxe":1,"minecraft:iron_block":4,"minecraft:stone_sword":1,"minecraft:iron_leggings":2,"minecraft:torch":4},"minecraft:mined":{"create:zinc_ore":3,"minecraft:tuff":12,"minecraft:spruce_planks":6,"regions_unexplored:barley":1,"byg:palm_crafting_table":11,"minecraft:jungle_leaves":2,"minecraft:potted_dead_bush":1,"minecraft:spruce_fence":2,"minecraft:grass_block":4,"byg:jacaranda_log":28,"minecraft:jungle_planks":1,"minecraft:jungle_log":13,"create_new_age:thorium_ore":2,"minecraft:coal_block":1,"minecraft:mud_bricks":2,"minecraft:large_fern":1,"minecraft:furnace":10,"supplementaries:bamboo_spikes":10,"minecraft:iron_ore":86,"byg:flowering_jacaranda_leaves":1,"minecraft:andesite":10,"minecraft:stripped_spruce_log":1,"minecraft:deepslate_lapis_ore":2,"minecraft:dark_oak_stairs":2,"byg:indigo_jacaranda_leaves":1,"minecraft:deepslate_iron_ore":17,"minecraft:vine":6,"regions_unexplored:medium_grass":3,"regions_unexplored:chalk":14,"minecraft:stone":1473,"quark:blossom_planks_slab":1,"minecraft:deepslate_redstone_ore":3,"supplementaries:present_orange":1,"minecraft:clay":3,"minecraft:crafting_table":1,"minecraft:torch":4,"quark:cobblestone_bricks":3,"minecraft:emerald_ore":1,"minecraft:oak_wood":1,"minecraft:calcite":1,"quark:potted_red_blossom_sapling":1,"minecraft:melon":40,"minecraft:stone_slab":1,"minecraft:tall_grass":3,"minecraft:copper_ore":24,"minecraft:cobblestone":31,"minecraft:diorite":8,"supplementaries:cage":4,"minecraft:wall_torch":8,"byg:ebony_leaves":12,"byg:jacaranda_leaves":6,"byg:soapstone":182,"minecraft:coarse_dirt":1,"byg:palm_log":5,"sophisticatedbackpacks:diamond_backpack":1,"delightful:cantaloupe":8,"byg:jacaranda_planks":2,"minecraft:gray_bed":2,"minecraft:black_bed":4,"byg:incan_lily":2,"create:ornate_iron_window_pane":4,"minecraft:grass":19,"minecraft:oak_log":18,"minecraft:coal_ore":91,"delightful:mini_melon":15,"minecraft:gravel":6,"minecraft:dirt":42,"minecraft:cobweb":1,"minecraft:oak_leaves":6,"minecraft:deepslate":74,"minecraft:fern":8},"minecraft:killed":{"minecraft:cave_spider":1,"minecraft:spider":1,"minecraft:horse":5,"minecraft:skeleton":6,"minecraft:zombie":1,"minecraft:cow":2},"minecraft:used":{"minecraft:stone_sword":82,"byg:palm_crafting_table":12,"minecraft:torch":16,"minecraft:dirt":15,"minecraft:jungle_planks":11,"minecraft:tuff":3,"sophisticatedbackpacks:diamond_backpack":1,"alexsmobs:maggot":2,"minecraft:iron_axe":39,"onlyhammersandexcavators:stone_hammer":1732,"minecraft:golden_carrot":1,"minecraft:furnace":10,"minecraft:oak_sapling":2,"minecraft:gray_bed":2,"tombstone:gift":4,"onlyhammersandexcavators:iron_hammer":355,"minecraft:calcite":2,"minecraft:stone_pickaxe":80,"minecraft:wooden_pickaxe":20,"minecraft:golden_apple":1,"minecraft:crafting_table":2,"minecraft:red_bed":1,"minecraft:black_bed":3,"tombstone:bag_of_seeds":1,"supplementaries:cage":8,"minecraft:melon_slice":105,"minecraft:bread":7,"minecraft:iron_pickaxe":110,"delightful:cantaloupe_slice":12,"minecraft:gravel":5,"supplementaries:present_orange":1,"minecraft:stone_axe":146,"minecraft:cobblestone":242,"minecraft:andesite":1,"supplementaries:bamboo_spikes":4,"byg:jacaranda_planks":57}},"DataVersion":3120}