{"stats":{"minecraft:custom":{"minecraft:mob_kills":11,"minecraft:interact_with_crafting_table":32,"minecraft:open_barrel":33,"goblintraders:trade_with_goblin":60,"minecraft:leave_game":2,"minecraft:time_since_death":21911,"minecraft:climb_one_cm":3359,"minecraft:damage_resisted":2,"minecraft:sprint_one_cm":328205,"minecraft:walk_one_cm":351288,"minecraft:drop":78,"minecraft:play_time":145583,"minecraft:deaths":13,"minecraft:sneak_time":7095,"minecraft:walk_under_water_one_cm":15344,"minecraft:jump":2365,"minecraft:interact_with_brewingstand":1,"minecraft:walk_on_water_one_cm":15493,"minecraft:total_world_time":145583,"minecraft:interact_with_furnace":66,"minecraft:sleep_in_bed":5,"minecraft:time_since_rest":18887,"minecraft:damage_taken":5724,"minecraft:damage_absorbed":40,"minecraft:trigger_trapped_chest":9,"minecraft:damage_dealt":2084,"minecraft:swim_one_cm":40748,"minecraft:fly_one_cm":471928,"minecraft:open_chest":33,"minecraft:crouch_one_cm":14634,"tombstone:undead_killed":6,"minecraft:fall_one_cm":65542},"minecraft:killed_by":{"minecraft:zombie_villager":1,"minecraft:creeper":1,"minecraft:spider":1,"alexsmobs:leafcutter_ant":1,"minecraft:cave_spider":1,"minecraft:skeleton":2,"minecraft:zombie":4,"minecraft:illusioner":1},"minecraft:picked_up":{"creatingspace:raw_nickel":1,"minecraft:crafting_table":1,"minecraft:coarse_dirt":1,"byg:soapstone":172,"byg:palm_crafting_table":10,"minecraft:clay_ball":12,"minecraft:flower_pot":2,"minecraft:brown_mushroom":1,"minecraft:wooden_pickaxe":1,"byg:peat":2,"minecraft:raw_copper":89,"minecraft:string":1,"minecraft:red_bed":1,"minecraft:wooden_sword":1,"minecraft:cobbled_deepslate":70,"minecraft:spruce_planks":5,"minecraft:beef":6,"minecraft:calcite":3,"supplementaries:cage":2,"minecraft:melon_slice":195,"minecraft:coal_block":1,"minecraft:furnace":8,"minecraft:stick":80,"minecraft:raw_iron":93,"minecraft:torch":8,"minecraft:spruce_fence":2,"simplevoiceradio:radio_item":1,"createcafe:cassava_seeds":1,"quark:blossom_planks_slab":2,"tombstone:grave_dust":1,"minecraft:diorite":12,"minecraft:redstone":8,"minecraft:rotten_flesh":4,"minecraft:arrow":5,"createcafe:coffee_beans":4,"minecraft:music_disc_ward":1,"byg:palm_log":5,"minecraft:cobblestone":1244,"minecraft:mud_bricks":2,"minecraft:andesite":13,"minecraft:jungle_log":12,"minecraft:black_bed":2,"minecraft:leather":2,"minecraft:red_mushroom":1,"delightful:cantaloupe":7,"minecraft:tuff":13,"create:raw_zinc":3,"minecraft:lapis_lazuli":14,"minecraft:dirt":44,"minecraft:bone":6,"supplementaries:present_orange":1,"minecraft:wheat_seeds":3,"minecraft:iron_ingot":48,"minecraft:cobweb":6,"tombstone:bag_of_seeds":1,"byg:jacaranda_log":28,"minecraft:gray_bed":2,"minecraft:dark_oak_stairs":2,"byg:incan_lily":2,"minecraft:gravel":5,"minecraft:jungle_planks":1,"minecraft:stripped_spruce_log":1,"minecraft:dead_bush":1,"quark:red_blossom_sapling":1,"minecraft:spider_eye":2,"quark:cobblestone_bricks":2,"minecraft:oak_wood":1,"supplementaries:bamboo_spikes":10,"onlyhammersandexcavators:stone_hammer":1,"alexsmobs:maggot":2,"minecraft:oak_sapling":2,"minecraft:coal":105},"minecraft:dropped":{"minecraft:iron_ingot":58,"byg:peat":2,"minecraft:stripped_spruce_log":1,"minecraft:brown_mushroom":1,"minecraft:dark_oak_stairs":2,"minecraft:wheat_seeds":3,"minecraft:lapis_lazuli":14,"quark:red_blossom_sapling":1,"createcafe:coffee_beans":6,"minecraft:iron_helmet":1,"minecraft:cobblestone":49,"minecraft:red_mushroom":1,"minecraft:stick":98,"minecraft:dirt":20,"minecraft:diorite":12,"quark:cobblestone_bricks":2,"minecraft:torch":1,"byg:soapstone":6,"minecraft:melon_slice":95,"tombstone:grave_dust":2,"minecraft:potion":1,"minecraft:wooden_sword":2,"byg:incan_lily":1,"byg:jacaranda_log":4,"quark:blossom_planks_slab":2,"delightful:cantaloupe_slice":9,"minecraft:coarse_dirt":1,"onlyhammersandexcavators:stone_hammer":1,"minecraft:tuff":13,"minecraft:rotten_flesh":1,"culturaldelights:eggplant_seeds":1,"sophisticatedbackpacks:backpack":1,"minecraft:spruce_fence":2,"onlyhammersandexcavators:iron_hammer":1,"createcafe:cassava_seeds":1,"minecraft:mud_bricks":2,"minecraft:flower_pot":2,"minecraft:spruce_planks":5,"minecraft:oak_wood":1,"minecraft:andesite":6,"minecraft:beetroot_seeds":2,"minecraft:melon_seeds":2,"minecraft:arrow":3,"minecraft:beef":2,"minecraft:wooden_pickaxe":2,"minecraft:stone_pickaxe":1,"minecraft:calcite":1},"minecraft:broken":{"onlyhammersandexcavators:stone_hammer":3,"minecraft:leather_boots":1},"minecraft:crafted":{"byg:jacaranda_planks":56,"delightful:cantaloupe_slice":21,"minecraft:coal":9,"minecraft:redstone":9,"onlyhammersandexcavators:iron_hammer":2,"quark:jungle_chest":2,"minecraft:furnace":2,"ad_astra:hammer":1,"minecraft:iron_bars":16,"minecraft:stone_pickaxe":1,"onlyhammersandexcavators:stone_hammer":3,"sophisticatedbackpacks:iron_backpack":1,"byg:palm_crafting_table":1,"sophisticatedbackpacks:backpack":2,"minecraft:crafting_table":1,"minecraft:wooden_pickaxe":1,"supplementaries:cage":6,"minecraft:copper_ingot":60,"minecraft:stone_axe":1,"minecraft:jungle_slab":24,"minecraft:air":0,"minecraft:jungle_planks":48,"byg:palm_planks":20,"minecraft:string":6,"minecraft:stick":108,"minecraft:iron_ingot":128,"minecraft:iron_pickaxe":1,"minecraft:iron_block":4,"minecraft:stone_sword":1,"minecraft:torch":4},"minecraft:mined":{"create:zinc_ore":3,"minecraft:tuff":9,"minecraft:spruce_planks":6,"byg:palm_crafting_table":9,"minecraft:jungle_leaves":2,"minecraft:potted_dead_bush":1,"minecraft:spruce_fence":2,"minecraft:grass_block":4,"byg:jacaranda_log":28,"minecraft:jungle_planks":1,"minecraft:jungle_log":13,"create_new_age:thorium_ore":2,"minecraft:coal_block":1,"minecraft:mud_bricks":2,"minecraft:large_fern":1,"minecraft:furnace":8,"supplementaries:bamboo_spikes":10,"minecraft:iron_ore":58,"byg:flowering_jacaranda_leaves":1,"minecraft:andesite":10,"minecraft:stripped_spruce_log":1,"minecraft:deepslate_lapis_ore":2,"minecraft:dark_oak_stairs":2,"byg:indigo_jacaranda_leaves":1,"minecraft:deepslate_iron_ore":14,"minecraft:vine":6,"minecraft:stone":1274,"quark:blossom_planks_slab":1,"minecraft:deepslate_redstone_ore":3,"supplementaries:present_orange":1,"minecraft:clay":3,"minecraft:crafting_table":1,"minecraft:torch":2,"quark:cobblestone_bricks":3,"minecraft:oak_wood":1,"minecraft:calcite":1,"quark:potted_red_blossom_sapling":1,"minecraft:melon":40,"minecraft:copper_ore":24,"minecraft:cobblestone":27,"minecraft:diorite":8,"supplementaries:cage":4,"minecraft:wall_torch":7,"byg:ebony_leaves":12,"byg:jacaranda_leaves":6,"byg:soapstone":182,"minecraft:coarse_dirt":1,"byg:palm_log":5,"delightful:cantaloupe":8,"byg:jacaranda_planks":2,"minecraft:gray_bed":2,"minecraft:black_bed":2,"byg:incan_lily":2,"create:ornate_iron_window_pane":4,"minecraft:grass":17,"minecraft:coal_ore":49,"minecraft:gravel":6,"minecraft:dirt":42,"minecraft:cobweb":1,"minecraft:oak_leaves":6,"minecraft:deepslate":74,"minecraft:fern":8},"minecraft:killed":{"minecraft:cave_spider":1,"minecraft:spider":1,"minecraft:skeleton":5,"minecraft:zombie":1,"minecraft:cow":1},"minecraft:used":{"minecraft:stone_sword":57,"byg:palm_crafting_table":10,"minecraft:torch":11,"minecraft:dirt":15,"minecraft:jungle_planks":9,"alexsmobs:maggot":2,"onlyhammersandexcavators:stone_hammer":1732,"minecraft:golden_carrot":1,"minecraft:furnace":8,"minecraft:oak_sapling":2,"minecraft:gray_bed":2,"tombstone:gift":4,"onlyhammersandexcavators:iron_hammer":30,"minecraft:calcite":2,"minecraft:stone_pickaxe":80,"minecraft:wooden_pickaxe":20,"minecraft:golden_apple":1,"minecraft:crafting_table":2,"minecraft:red_bed":1,"minecraft:black_bed":1,"tombstone:bag_of_seeds":1,"supplementaries:cage":7,"minecraft:melon_slice":87,"minecraft:bread":5,"minecraft:iron_pickaxe":101,"delightful:cantaloupe_slice":12,"minecraft:gravel":5,"supplementaries:present_orange":1,"minecraft:stone_axe":146,"minecraft:cobblestone":239,"minecraft:andesite":1,"supplementaries:bamboo_spikes":4,"byg:jacaranda_planks":57}},"DataVersion":3120}