{"stats":{"minecraft:custom":{"minecraft:mob_kills":9,"minecraft:interact_with_crafting_table":32,"minecraft:open_barrel":25,"goblintraders:trade_with_goblin":60,"minecraft:leave_game":2,"minecraft:time_since_death":22779,"minecraft:climb_one_cm":3128,"minecraft:damage_resisted":2,"minecraft:sprint_one_cm":234118,"minecraft:walk_one_cm":279021,"minecraft:drop":58,"minecraft:play_time":109583,"minecraft:deaths":5,"minecraft:sneak_time":3232,"minecraft:walk_under_water_one_cm":10235,"minecraft:jump":1528,"minecraft:interact_with_brewingstand":1,"minecraft:walk_on_water_one_cm":10428,"minecraft:total_world_time":109583,"minecraft:interact_with_furnace":66,"minecraft:sleep_in_bed":4,"minecraft:time_since_rest":5728,"minecraft:damage_taken":2898,"minecraft:trigger_trapped_chest":9,"minecraft:damage_dealt":1716,"minecraft:swim_one_cm":28360,"minecraft:fly_one_cm":258681,"minecraft:open_chest":30,"minecraft:crouch_one_cm":8690,"tombstone:undead_killed":4,"minecraft:fall_one_cm":36525},"minecraft:killed_by":{"minecraft:zombie_villager":1,"minecraft:spider":1,"alexsmobs:leafcutter_ant":1,"minecraft:cave_spider":1,"minecraft:illusioner":1},"minecraft:picked_up":{"creatingspace:raw_nickel":1,"minecraft:crafting_table":1,"minecraft:coarse_dirt":1,"byg:soapstone":172,"byg:palm_crafting_table":10,"minecraft:clay_ball":12,"minecraft:flower_pot":2,"minecraft:wooden_pickaxe":1,"byg:peat":2,"minecraft:raw_copper":89,"minecraft:string":1,"minecraft:red_bed":1,"minecraft:wooden_sword":1,"minecraft:cobbled_deepslate":70,"minecraft:spruce_planks":1,"minecraft:beef":6,"minecraft:calcite":3,"supplementaries:cage":2,"minecraft:melon_slice":195,"minecraft:furnace":8,"minecraft:raw_iron":93,"minecraft:torch":3,"minecraft:spruce_fence":1,"simplevoiceradio:radio_item":1,"createcafe:cassava_seeds":1,"quark:blossom_planks_slab":2,"tombstone:grave_dust":1,"minecraft:diorite":12,"minecraft:redstone":8,"minecraft:rotten_flesh":1,"minecraft:arrow":3,"createcafe:coffee_beans":3,"byg:palm_log":5,"minecraft:cobblestone":1217,"minecraft:mud_bricks":2,"minecraft:andesite":13,"minecraft:jungle_log":12,"minecraft:black_bed":2,"minecraft:leather":2,"delightful:cantaloupe":7,"minecraft:tuff":13,"create:raw_zinc":3,"minecraft:lapis_lazuli":14,"minecraft:dirt":41,"minecraft:bone":3,"supplementaries:present_orange":1,"minecraft:wheat_seeds":3,"minecraft:iron_ingot":48,"minecraft:cobweb":6,"tombstone:bag_of_seeds":1,"minecraft:gray_bed":2,"byg:incan_lily":2,"minecraft:gravel":5,"minecraft:stripped_spruce_log":1,"minecraft:dead_bush":1,"quark:red_blossom_sapling":1,"minecraft:spider_eye":2,"quark:cobblestone_bricks":2,"supplementaries:bamboo_spikes":10,"onlyhammersandexcavators:stone_hammer":1,"minecraft:oak_sapling":2,"minecraft:coal":105},"minecraft:dropped":{"minecraft:iron_ingot":58,"byg:peat":2,"minecraft:wheat_seeds":3,"minecraft:lapis_lazuli":14,"quark:red_blossom_sapling":1,"createcafe:coffee_beans":5,"minecraft:cobblestone":48,"minecraft:dirt":17,"minecraft:diorite":12,"quark:cobblestone_bricks":2,"minecraft:torch":1,"byg:soapstone":6,"minecraft:melon_slice":94,"tombstone:grave_dust":2,"minecraft:potion":1,"minecraft:wooden_sword":2,"byg:incan_lily":1,"quark:blossom_planks_slab":2,"delightful:cantaloupe_slice":9,"minecraft:coarse_dirt":1,"onlyhammersandexcavators:stone_hammer":1,"minecraft:tuff":13,"culturaldelights:eggplant_seeds":1,"sophisticatedbackpacks:backpack":1,"onlyhammersandexcavators:iron_hammer":1,"createcafe:cassava_seeds":1,"minecraft:mud_bricks":2,"minecraft:flower_pot":2,"minecraft:spruce_planks":1,"minecraft:andesite":6,"minecraft:beetroot_seeds":2,"minecraft:melon_seeds":2,"minecraft:beef":2,"minecraft:wooden_pickaxe":2,"minecraft:stone_pickaxe":1,"minecraft:calcite":1},"minecraft:broken":{"onlyhammersandexcavators:stone_hammer":3,"minecraft:leather_boots":1},"minecraft:crafted":{"delightful:cantaloupe_slice":21,"minecraft:redstone":9,"onlyhammersandexcavators:iron_hammer":2,"quark:jungle_chest":2,"minecraft:furnace":2,"ad_astra:hammer":1,"minecraft:iron_bars":16,"minecraft:stone_pickaxe":1,"onlyhammersandexcavators:stone_hammer":3,"sophisticatedbackpacks:iron_backpack":1,"byg:palm_crafting_table":1,"sophisticatedbackpacks:backpack":2,"minecraft:crafting_table":1,"minecraft:wooden_pickaxe":1,"supplementaries:cage":6,"minecraft:copper_ingot":60,"minecraft:stone_axe":1,"minecraft:jungle_slab":24,"minecraft:air":0,"minecraft:jungle_planks":48,"byg:palm_planks":20,"minecraft:string":6,"minecraft:stick":28,"minecraft:iron_ingot":128,"minecraft:iron_pickaxe":1,"minecraft:iron_block":4,"minecraft:stone_sword":1,"minecraft:torch":4},"minecraft:mined":{"create:zinc_ore":3,"minecraft:tuff":9,"minecraft:spruce_planks":1,"byg:palm_crafting_table":9,"minecraft:jungle_leaves":2,"minecraft:potted_dead_bush":1,"minecraft:spruce_fence":1,"minecraft:grass_block":3,"minecraft:jungle_log":13,"create_new_age:thorium_ore":2,"minecraft:mud_bricks":2,"minecraft:large_fern":1,"minecraft:furnace":8,"supplementaries:bamboo_spikes":10,"minecraft:iron_ore":58,"minecraft:andesite":10,"minecraft:stripped_spruce_log":1,"minecraft:deepslate_lapis_ore":2,"minecraft:deepslate_iron_ore":14,"minecraft:vine":6,"minecraft:stone":1246,"quark:blossom_planks_slab":1,"minecraft:deepslate_redstone_ore":3,"supplementaries:present_orange":1,"minecraft:clay":3,"minecraft:crafting_table":1,"quark:cobblestone_bricks":3,"minecraft:calcite":1,"quark:potted_red_blossom_sapling":1,"minecraft:melon":40,"minecraft:copper_ore":24,"minecraft:cobblestone":12,"minecraft:diorite":8,"supplementaries:cage":4,"minecraft:wall_torch":4,"byg:ebony_leaves":12,"byg:soapstone":182,"minecraft:coarse_dirt":1,"byg:palm_log":5,"delightful:cantaloupe":8,"minecraft:gray_bed":2,"minecraft:black_bed":2,"byg:incan_lily":2,"create:ornate_iron_window_pane":4,"minecraft:grass":14,"minecraft:coal_ore":49,"minecraft:gravel":6,"minecraft:dirt":40,"minecraft:cobweb":1,"minecraft:oak_leaves":6,"minecraft:deepslate":74,"minecraft:fern":8},"minecraft:killed":{"minecraft:cave_spider":1,"minecraft:spider":1,"minecraft:skeleton":3,"minecraft:zombie":1,"minecraft:cow":1},"minecraft:used":{"minecraft:stone_sword":37,"byg:palm_crafting_table":10,"minecraft:torch":6,"minecraft:dirt":15,"onlyhammersandexcavators:stone_hammer":1732,"minecraft:golden_carrot":1,"minecraft:furnace":8,"minecraft:oak_sapling":2,"minecraft:gray_bed":2,"tombstone:gift":2,"minecraft:calcite":2,"minecraft:stone_pickaxe":80,"minecraft:wooden_pickaxe":20,"minecraft:crafting_table":2,"minecraft:red_bed":1,"minecraft:black_bed":1,"tombstone:bag_of_seeds":1,"supplementaries:cage":7,"minecraft:melon_slice":38,"minecraft:bread":5,"minecraft:iron_pickaxe":83,"delightful:cantaloupe_slice":12,"minecraft:gravel":5,"supplementaries:present_orange":1,"minecraft:stone_axe":103,"minecraft:cobblestone":187,"minecraft:andesite":1,"supplementaries:bamboo_spikes":4}},"DataVersion":3120}