{"stats":{"minecraft:custom":{"minecraft:interact_with_crafting_table":52,"minecraft:open_barrel":86,"goblintraders:trade_with_goblin":90,"minecraft:leave_game":6,"minecraft:time_since_death":21696,"minecraft:damage_resisted":2,"minecraft:sprint_one_cm":974752,"minecraft:drop":351,"minecraft:talked_to_villager":8,"minecraft:play_time":468019,"minecraft:deaths":31,"minecraft:interact_with_brewingstand":1,"minecraft:jump":6511,"minecraft:walk_on_water_one_cm":27394,"minecraft:interact_with_furnace":126,"minecraft:sleep_in_bed":12,"minecraft:damage_dealt":13870,"minecraft:crouch_one_cm":98821,"tombstone:undead_killed":40,"minecraft:inspect_dispenser":6,"minecraft:horse_one_cm":1664,"minecraft:inspect_dropper":1,"minecraft:mob_kills":78,"minecraft:damage_dealt_resisted":12,"minecraft:climb_one_cm":114478,"minecraft:walk_one_cm":1343819,"minecraft:damage_dealt_absorbed":178,"minecraft:sneak_time":35345,"minecraft:walk_under_water_one_cm":20866,"minecraft:total_world_time":468019,"tombstone:raider_killed":7,"minecraft:time_since_rest":4088,"minecraft:damage_absorbed":40,"minecraft:damage_taken":13845,"minecraft:trigger_trapped_chest":16,"minecraft:swim_one_cm":79123,"minecraft:fly_one_cm":1278978,"minecraft:open_chest":92,"minecraft:fall_one_cm":187397},"minecraft:crafted":{"delightful:cantaloupe_slice":21,"minecraft:oak_planks":92,"minecraft:jungle_fence_gate":2,"minecraft:cobblestone_slab":42,"minecraft:melon_slice":45,"ad_astra:hammer":1,"create:mechanical_harvester":2,"minecraft:lever":1,"sophisticatedbackpacks:crafting_upgrade":1,"create:mechanical_bearing":1,"minecraft:iron_bars":16,"create:radial_chassis":3,"minecraft:iron_boots":1,"onlyhammersandexcavators:stone_hammer":3,"sophisticatedbackpacks:backpack":2,"byg:palm_crafting_table":1,"minecraft:crafting_table":2,"minecraft:spruce_planks":4,"minecraft:wooden_pickaxe":1,"minecraft:iron_helmet":1,"supplementaries:cage":6,"minecraft:copper_ingot":144,"minecraft:acacia_button":1,"create:gearshift":1,"sophisticatedbackpacks:upgrade_base":3,"byg:palm_planks":20,"ad_astra:iron_plate":12,"minecraft:string":6,"minecraft:iron_chestplate":3,"sophisticatedbackpacks:diamond_backpack":1,"create:portable_storage_interface":2,"minecraft:stick":108,"quark:oak_chest":4,"minecraft:iron_ingot":188,"minecraft:iron_pickaxe":1,"minecraft:iron_block":10,"minecraft:stone_sword":1,"minecraft:gold_ingot":20,"minecraft:redstone_torch":2,"byg:jacaranda_planks":56,"create:chute":4,"minecraft:redstone":18,"minecraft:raw_iron":45,"minecraft:coal":504,"minecraft:iron_nugget":18,"onlyhammersandexcavators:iron_hammer":3,"minecraft:diamond_hoe":1,"quark:jungle_chest":2,"sophisticatedbackpacks:stack_upgrade_tier_1":1,"simplevoiceradio:radio_item":2,"minecraft:furnace":8,"sophisticatedbackpacks:stack_upgrade_starter_tier":2,"minecraft:bone_meal":15,"minecraft:leather":9,"minecraft:iron_axe":4,"minecraft:stone_pickaxe":1,"sophisticatedbackpacks:iron_backpack":1,"minecraft:iron_sword":4,"sophisticatedbackpacks:gold_backpack":1,"minecraft:stone_axe":1,"minecraft:jungle_slab":24,"minecraft:jungle_planks":48,"minecraft:air":0,"minecraft:oak_fence_gate":4,"minecraft:iron_leggings":2,"minecraft:acacia_planks":4,"minecraft:torch":40},"minecraft:used":{"quark:sturdy_stone":1,"minecraft:moss_block":1,"minecraft:spruce_slab":4,"minecraft:diamond_hoe":89,"create:portable_storage_interface":7,"minecraft:iron_sword":220,"byg:palm_crafting_table":12,"alexsmobs:medium_catfish_bucket":3,"create:mechanical_bearing":1,"minecraft:jungle_planks":11,"minecraft:carrot":127,"minecraft:jungle_slab":6,"minecraft:acacia_button":1,"supplementaries:planter":1,"minecraft:tuff":3,"sophisticatedbackpacks:diamond_backpack":1,"minecraft:jungle_fence_gate":2,"onlyhammersandexcavators:stone_hammer":1732,"create:shaft":1,"minecraft:written_book":2,"minecraft:oak_sapling":2,"minecraft:furnace":27,"minecraft:gray_bed":2,"minecraft:potato":80,"minecraft:stone_pickaxe":80,"minecraft:oak_planks":58,"minecraft:wooden_pickaxe":20,"create:oxidized_copper_shingles":1,"regions_unexplored:chalk":2,"minecraft:golden_apple":1,"onlyhammersandexcavators:stone_excavator":239,"byg:yellow_daffodil":1,"quark:azalea_wood":1,"minecraft:black_bed":5,"minecraft:lever":3,"byg:pink_allium":1,"minecraft:gravel":5,"minecraft:melon_slice":145,"minecraft:bread":37,"create:andesite_casing":2,"minecraft:andesite":1,"supplementaries:bamboo_spikes":4,"minecraft:stripped_acacia_wood":3,"create:vertical_gearbox":4,"extradelight:cactus_juice":3,"minecraft:bone_meal":222,"byg:jacaranda_planks":57,"minecraft:stone_sword":82,"create:item_vault":2,"minecraft:spruce_planks":8,"minecraft:torch":141,"minecraft:dirt":230,"alexsmobs:moose_ribs":3,"minecraft:spruce_fence":9,"minecraft:oak_fence_gate":5,"minecraft:dark_oak_planks":1,"create:chute":1,"alexsmobs:maggot":4,"minecraft:flowering_azalea":1,"create:gearbox":2,"create:wrench":637,"minecraft:iron_axe":520,"create:brown_toolbox":1,"minecraft:golden_carrot":1,"create:radial_chassis":3,"tombstone:gift":5,"onlyhammersandexcavators:iron_hammer":1877,"create:gearshift":1,"minecraft:calcite":2,"minecraft:water_bucket":16,"minecraft:spruce_sign":3,"minecraft:cobblestone_slab":139,"supplementaries:slingshot":8,"minecraft:mossy_cobblestone":9,"create:mechanical_harvester":7,"create:encased_fan":2,"minecraft:crafting_table":2,"minecraft:red_bed":1,"quark:cobblestone_vertical_slab":1,"quark:glass_item_frame":2,"tombstone:bag_of_seeds":1,"minecraft:oak_log":20,"supplementaries:cage":17,"goodending:birch_mushroom":1,"minecraft:apple":54,"minecraft:iron_pickaxe":897,"create:water_wheel":2,"delightful:cantaloupe_slice":12,"byg:soapstone":1,"create:copper_ladder":2,"supplementaries:present_orange":1,"minecraft:stone_axe":146,"minecraft:cobblestone":891,"minecraft:potion":1,"create:waxed_exposed_copper_tiles":1,"minecraft:bucket":21,"quark:oak_chest":4,"alexsmobs:animal_dictionary":1,"create:redstone_link":5,"minecraft:splash_potion":1},"minecraft:killed":{"minecraft:cave_spider":9,"minecraft:witch":4,"minecraft:spider":5,"quark:forgotten":5,"minecraft:skeleton":7,"minecraft:creeper":1,"minecraft:pillager":3,"minecraft:zombie":28,"alexsmobs:komodo_dragon":1,"minecraft:cow":2,"minecraft:horse":5,"minecraft:bat":1},"minecraft:picked_up":{"minecraft:redstone_block":1,"minecraft:creeper_head":1,"minecraft:flower_pot":2,"byg:pink_allium":2,"minecraft:stone_slab":1,"minecraft:potion":1,"minecraft:stone_brick_stairs":12,"minecraft:infested_stone":24,"minecraft:string":62,"minecraft:raw_copper":165,"create:sand_paper":1,"create:mechanical_press":1,"minecraft:cobbled_deepslate":72,"minecraft:comparator":1,"minecraft:spruce_planks":10,"minecraft:written_book":1,"minecraft:cobblestone_slab":111,"minecraft:calcite":3,"minecraft:melon_slice":195,"minecraft:coal_block":56,"minecraft:furnace":11,"byg:yellow_daffodil":1,"minecraft:stick":94,"minecraft:torch":85,"create:andesite_casing":2,"supplementaries:bamboo_spikes_tipped":109,"simplevoiceradio:radio_item":1,"createcafe:cassava_seeds":17,"tombstone:grave_dust":9,"minecraft:diorite":12,"spacestation:raw_silicon":1,"regions_unexplored:barley":12,"create:large_cogwheel":5,"quark:sturdy_stone":5,"minecraft:rotten_flesh":34,"createcafe:coffee_beans":12,"minecraft:polished_basalt":14,"minecraft:music_disc_ward":1,"farmersdelight:onion":16,"supplementaries:antique_ink":1,"minecraft:cobblestone":2906,"minecraft:magma_block":3,"minecraft:mossy_cobblestone_slab":15,"minecraft:andesite":13,"minecraft:jungle_log":12,"minecraft:black_bed":5,"minecraft:potato":90,"minecraft:stripped_spruce_wood":16,"delightful:cantaloupe":7,"minecraft:tuff":16,"create:raw_zinc":37,"byg:orchard_sapling":22,"supplementaries:flax_seeds":3,"supplementaries:slingshot":1,"minecraft:lapis_lazuli":14,"minecraft:dirt":309,"minecraft:name_tag":2,"minecraft:bone":46,"supplementaries:present_orange":1,"delightful:mini_melon":15,"minecraft:wheat_seeds":43,"minecraft:raw_gold":16,"create:mechanical_drill":4,"create_new_age:magnetite_block":1,"minecraft:bamboo":28,"create:shaft":6,"minecraft:moss_block":1,"minecraft:oak_planks":8,"create:radial_chassis":1,"quark:azalea_wood":1,"minecraft:stripped_acacia_wood":4,"create:cogwheel":16,"quark:dark_oak_ladder":1,"minecraft:jungle_planks":1,"minecraft:dead_bush":1,"minecraft:stripped_spruce_log":1,"quark:glow_lichen_growth":3,"regions_unexplored:chalk":12,"quark:red_blossom_sapling":1,"minecraft:jungle_slab":1,"minecraft:dark_oak_log":2,"minecraft:barrel":9,"minecraft:mossy_cobblestone":22,"minecraft:bundle":1,"minecraft:sugar":1,"supplementaries:bamboo_spikes":155,"minecraft:diamond":7,"minecraft:lever":2,"minecraft:crossbow":2,"alexsmobs:moose_ribs":3,"supplementaries:copper_lantern":6,"minecraft:spruce_sign":15,"minecraft:emerald":1,"alexsmobs:maggot":4,"minecraft:oak_sapling":2,"minecraft:light_gray_carpet":2,"goodending:birch_mushroom":1,"sophisticatedbackpacks:gold_backpack":1,"creatingspace:raw_nickel":7,"minecraft:crafting_table":1,"minecraft:coarse_dirt":9,"byg:soapstone":240,"byg:palm_crafting_table":12,"minecraft:clay_ball":12,"minecraft:leather_leggings":1,"minecraft:brown_mushroom":1,"minecraft:wooden_pickaxe":1,"byg:peat":2,"minecraft:acacia_button":1,"ad_astra:sky_stone":54,"create:mechanical_harvester":1,"minecraft:red_bed":1,"minecraft:oak_trapdoor":48,"supplementaries:planter":1,"create:fluid_pipe":3,"minecraft:wooden_sword":1,"quark:bonded_leather":1,"create:redstone_link":1,"supplementaries:cog_block":2,"minecraft:beef":8,"minecraft:poppy":2,"byg:baobab_fruit":1,"minecraft:spruce_slab":20,"supplementaries:cage":4,"minecraft:sugar_cane":12,"supplementaries:rope":1,"minecraft:spruce_trapdoor":101,"biomesoplenty:hanging_cobweb":12,"minecraft:raw_iron":154,"minecraft:stone":23,"minecraft:copper_ingot":2,"minecraft:spruce_fence":11,"quark:blossom_planks_slab":2,"minecraft:stone_button":3,"create:hand_crank":3,"minecraft:carrot":176,"minecraft:redstone":26,"minecraft:iron_horse_armor":2,"create:vertical_gearbox":8,"minecraft:dark_oak_planks":3,"minecraft:arrow":92,"minecraft:beetroot_seeds":7,"create:depot":1,"miners_delight:bat_wing":1,"byg:palm_log":5,"create:waxed_exposed_copper_tiles":3,"minecraft:skeleton_skull":1,"minecraft:bone_block":31,"minecraft:mud_bricks":2,"create:oxidized_copper_shingles":2,"minecraft:basalt":40,"minecraft:leather":6,"minecraft:red_mushroom":1,"minecraft:oak_log":93,"create:andesite_alloy":10,"minecraft:chainmail_chestplate":1,"minecraft:cobblestone_wall":12,"minecraft:gunpowder":1,"create:item_vault":2,"quark:forgotten_hat":6,"create:copper_ladder":3,"create:crushed_raw_iron":22,"minecraft:apple":99,"spacestation:tin_ore":1,"minecraft:rabbit_hide":8,"minecraft:iron_ingot":94,"minecraft:oak_fence_gate":1,"minecraft:cobweb":24,"tombstone:bag_of_seeds":1,"byg:jacaranda_log":28,"minecraft:gray_bed":2,"minecraft:iron_sword":1,"minecraft:flowering_azalea":1,"minecraft:dark_oak_stairs":2,"sophisticatedbackpacks:diamond_backpack":1,"create:large_water_wheel":2,"byg:incan_lily":2,"quark:glass_item_frame":2,"minecraft:dandelion":1,"minecraft:raw_iron_block":5,"minecraft:gravel":5,"biomesoplenty:spider_egg":4,"minecraft:spider_eye":3,"create:gearbox":1,"quark:cobblestone_bricks":2,"minecraft:infested_stone_bricks":19,"minecraft:oak_wood":1,"minecraft:music_disc_mall":1,"quark:cobblestone_vertical_slab":11,"minecraft:iron_helmet":1,"create:rose_quartz":2,"create:portable_storage_interface":2,"onlyhammersandexcavators:stone_hammer":2,"tombstone:magic_scroll":2,"minecraft:coal":312,"create:andesite_ladder":5},"minecraft:broken":{"minecraft:iron_sword":1,"onlyhammersandexcavators:iron_hammer":1,"quark:forgotten_hat":2,"onlyhammersandexcavators:stone_hammer":3,"minecraft:iron_axe":2,"minecraft:leather_boots":1,"minecraft:iron_pickaxe":2},"minecraft:killed_by":{"minecraft:zombie_villager":1,"minecraft:creeper":2,"minecraft:pillager":1,"alexsmobs:leafcutter_ant":1,"quark:forgotten":9,"minecraft:cave_spider":1,"minecraft:witch":1,"minecraft:zombie":6,"minecraft:illusioner":1,"minecraft:player":1,"minecraft:spider":1,"minecraft:skeleton":5},"minecraft:mined":{"minecraft:dark_oak_planks":4,"byg:flowering_baobab_leaves":1,"minecraft:spruce_planks":6,"spacestation:tin_ore":1,"byg:yellow_daffodil":2,"minecraft:jungle_slab":1,"create:andesite_casing":2,"minecraft:jungle_leaves":2,"create:copper_ladder":2,"minecraft:spruce_trapdoor":61,"minecraft:cave_vines_plant":2,"minecraft:potted_dead_bush":1,"minecraft:grass_block":171,"minecraft:jungle_log":13,"create:andesite_ladder":3,"minecraft:coal_block":59,"create:item_vault":2,"minecraft:mud_bricks":2,"quark:glow_lichen_growth":3,"minecraft:spawner":4,"byg:pink_allium":1,"minecraft:magma_block":3,"minecraft:raw_iron_block":5,"minecraft:mossy_cobblestone_slab":15,"minecraft:iron_ore":107,"minecraft:barrel":9,"minecraft:fire":2,"quark:azalea_wood":1,"minecraft:deepslate_lapis_ore":2,"minecraft:dark_oak_stairs":2,"byg:indigo_jacaranda_leaves":1,"quark:sturdy_stone":6,"minecraft:cave_vines":2,"minecraft:flowering_azalea_leaves":1,"minecraft:azalea_leaves":2,"regions_unexplored:chalk":16,"quark:blossom_planks_slab":1,"create:mechanical_press":1,"minecraft:spruce_slab":19,"minecraft:deepslate_redstone_ore":3,"create:radial_chassis":1,"creatingspace:nickel_ore":6,"quark:dark_oak_ladder":1,"minecraft:clay":3,"minecraft:torch":25,"quark:cobblestone_bricks":3,"minecraft:calcite":1,"minecraft:poppy":1,"minecraft:melon":40,"minecraft:spruce_wall_sign":3,"create:rope":1,"minecraft:cobblestone":334,"minecraft:oak_planks":9,"minecraft:sugar_cane":4,"minecraft:spruce_sign":1,"minecraft:wall_torch":59,"byg:jacaranda_leaves":6,"byg:soapstone":235,"byg:orchard_leaves":81,"create:portable_storage_interface":2,"byg:palm_log":5,"supplementaries:cog_block":2,"sophisticatedbackpacks:diamond_backpack":1,"delightful:cantaloupe":8,"minecraft:wheat":1,"byg:jacaranda_planks":2,"minecraft:black_bed":5,"minecraft:stone_brick_stairs":10,"create:ornate_iron_window_pane":4,"minecraft:grass":42,"minecraft:oak_log":94,"delightful:mini_melon":15,"minecraft:oak_fence_gate":1,"minecraft:dirt":94,"byg:flowering_orchard_leaves":2,"minecraft:oak_leaves":8,"minecraft:deepslate":76,"create:zinc_ore":37,"minecraft:tuff":12,"supplementaries:planter":1,"minecraft:mossy_cobblestone":21,"regions_unexplored:barley":1,"byg:palm_crafting_table":11,"goodending:birch_mushroom":1,"minecraft:dark_oak_log":2,"minecraft:lever":2,"minecraft:glow_lichen":2,"minecraft:stone_button":4,"minecraft:spruce_fence":11,"byg:jacaranda_log":28,"minecraft:jungle_planks":1,"minecraft:acacia_button":1,"byg:ripe_baobab_leaves":1,"create_new_age:thorium_ore":2,"create:depot":1,"spacestation:silicon_ore":1,"minecraft:moss_block":1,"minecraft:large_fern":1,"minecraft:redstone_ore":4,"quark:bonded_leather":1,"create:shaft":1,"minecraft:oak_trapdoor":29,"minecraft:furnace":11,"minecraft:carrots":80,"minecraft:polished_basalt":14,"supplementaries:bamboo_spikes":139,"minecraft:andesite":10,"minecraft:stripped_spruce_log":1,"byg:flowering_jacaranda_leaves":1,"minecraft:potatoes":5,"minecraft:deepslate_iron_ore":18,"minecraft:cobblestone_slab":104,"minecraft:vine":9,"regions_unexplored:medium_grass":4,"minecraft:bamboo":2,"minecraft:stone":2686,"ad_astra:sky_stone":56,"minecraft:light_gray_carpet":2,"minecraft:redstone_block":1,"minecraft:comparator":1,"supplementaries:present_orange":1,"quark:cobblestone_vertical_slab":13,"minecraft:basalt":42,"create_new_age:magnetite_block":1,"minecraft:crafting_table":1,"create:waxed_exposed_copper_tiles":3,"minecraft:emerald_ore":1,"minecraft:oak_wood":1,"quark:potted_red_blossom_sapling":1,"minecraft:copper_ore":44,"minecraft:stone_slab":1,"minecraft:lightning_rod":2,"minecraft:tall_grass":7,"minecraft:diorite":8,"supplementaries:cage":5,"create:redstone_link":1,"byg:ebony_leaves":12,"minecraft:coarse_dirt":9,"create:mechanical_harvester":1,"minecraft:cobblestone_wall":12,"minecraft:stripped_spruce_wood":16,"create:gearbox":4,"minecraft:gray_bed":2,"byg:incan_lily":2,"create:mechanical_drill":4,"minecraft:coal_ore":146,"byg:ripe_orchard_leaves":18,"minecraft:gravel":6,"minecraft:cobweb":57,"minecraft:stripped_acacia_wood":5,"minecraft:gold_ore":2,"minecraft:fern":8},"minecraft:dropped":{"byg:peat":2,"minecraft:spruce_sign":14,"minecraft:iron_sword":1,"minecraft:brown_mushroom":1,"minecraft:dark_oak_stairs":2,"minecraft:lapis_lazuli":14,"biomesoplenty:hanging_cobweb":12,"minecraft:glass_bottle":4,"minecraft:crossbow":2,"create:cogwheel":5,"supplementaries:slingshot":1,"minecraft:iron_horse_armor":2,"sophisticatedbackpacks:gold_backpack":1,"minecraft:red_mushroom":1,"minecraft:dirt":60,"minecraft:dark_oak_log":2,"minecraft:stone_button":3,"sophisticatedbackpacks:stack_upgrade_starter_tier":1,"byg:palm_crafting_table":1,"byg:baobab_fruit":1,"biomesoplenty:spider_egg":4,"farmersdelight:onion":16,"minecraft:wooden_sword":2,"minecraft:bone_block":8,"create:crushed_raw_iron":22,"byg:jacaranda_log":4,"minecraft:sugar":1,"minecraft:iron_pickaxe":1,"regions_unexplored:chalk":10,"byg:palm_planks":1,"delightful:cantaloupe_slice":9,"minecraft:stone_axe":1,"minecraft:iron_nugget":4,"minecraft:cobbled_deepslate":2,"onlyhammersandexcavators:stone_hammer":1,"minecraft:rotten_flesh":1,"quark:sturdy_stone":4,"minecraft:oak_planks":2,"minecraft:light_gray_carpet":2,"quark:cobblestone_vertical_slab":8,"minecraft:carrot":41,"minecraft:infested_stone_bricks":19,"supplementaries:antique_ink":1,"minecraft:chainmail_chestplate":1,"createcafe:cassava_seeds":17,"supplementaries:flax_seeds":3,"minecraft:poppy":2,"minecraft:rabbit_hide":15,"extradelight:cactus_juice":1,"minecraft:skeleton_skull":1,"minecraft:oak_wood":1,"minecraft:melon_seeds":2,"minecraft:beetroot_seeds":2,"quark:forgotten_hat":3,"minecraft:leather_leggings":1,"simplevoiceradio:radio_item":2,"minecraft:spruce_slab":13,"minecraft:basalt":40,"minecraft:arrow":4,"minecraft:beef":2,"minecraft:quartz":1,"minecraft:stone_brick_stairs":12,"minecraft:written_book":1,"minecraft:iron_ingot":59,"create:rose_quartz":2,"minecraft:stripped_spruce_log":1,"minecraft:wheat_seeds":13,"quark:red_blossom_sapling":1,"supplementaries:bamboo_spikes":37,"create:copper_ladder":1,"minecraft:mossy_cobblestone":13,"createcafe:coffee_beans":14,"minecraft:lead":1,"minecraft:cobblestone":574,"minecraft:iron_helmet":3,"minecraft:apple":35,"spacestation:tin_ore":1,"minecraft:chainmail_helmet":1,"minecraft:coal":64,"minecraft:stick":98,"ad_astra:sky_stone":54,"minecraft:cobweb":18,"byg:orchard_sapling":22,"minecraft:jungle_slab":1,"quark:glow_lichen_growth":3,"create:andesite_ladder":5,"minecraft:mossy_cobblestone_slab":15,"minecraft:diorite":12,"tombstone:magic_scroll":2,"quark:cobblestone_bricks":2,"minecraft:torch":1,"byg:soapstone":73,"minecraft:melon_slice":95,"regions_unexplored:barley":12,"tombstone:grave_dust":2,"minecraft:potion":1,"minecraft:iron_leggings":2,"byg:incan_lily":1,"minecraft:iron_axe":1,"minecraft:polished_basalt":14,"minecraft:dandelion":1,"byg:pink_allium":1,"quark:blossom_planks_slab":2,"minecraft:oak_trapdoor":48,"create:oxidized_copper_shingles":1,"minecraft:coarse_dirt":9,"minecraft:stone_sword":1,"minecraft:cobblestone_wall":12,"supplementaries:copper_lantern":6,"minecraft:tuff":13,"culturaldelights:eggplant_seeds":1,"minecraft:comparator":1,"sophisticatedbackpacks:backpack":1,"minecraft:stone_slab":1,"minecraft:name_tag":1,"minecraft:spruce_fence":2,"onlyhammersandexcavators:iron_hammer":1,"supplementaries:cage":1,"supplementaries:bamboo_spikes_tipped":65,"minecraft:cobblestone_slab":32,"minecraft:stone":23,"minecraft:mud_bricks":2,"minecraft:flower_pot":2,"create_new_age:magnetite_block":1,"quark:dark_oak_ladder":1,"miners_delight:bat_wing":1,"minecraft:spruce_trapdoor":99,"minecraft:spruce_planks":6,"minecraft:iron_chestplate":1,"sophisticatedbackpacks:magnet_upgrade":1,"minecraft:andesite":6,"create:waxed_exposed_copper_tiles":2,"minecraft:infested_stone":24,"minecraft:barrel":9,"minecraft:stone_pickaxe":1,"minecraft:wooden_pickaxe":2,"minecraft:magma_block":3,"minecraft:calcite":1,"minecraft:stripped_spruce_wood":15}},"DataVersion":3120}