{"stats":{"minecraft:custom":{"minecraft:interact_with_crafting_table":52,"minecraft:open_barrel":81,"goblintraders:trade_with_goblin":60,"minecraft:leave_game":2,"minecraft:time_since_death":19281,"minecraft:damage_resisted":2,"minecraft:sprint_one_cm":547812,"minecraft:drop":258,"minecraft:play_time":295583,"minecraft:deaths":27,"minecraft:interact_with_brewingstand":1,"minecraft:jump":4030,"minecraft:walk_on_water_one_cm":16063,"minecraft:interact_with_furnace":81,"minecraft:sleep_in_bed":9,"minecraft:damage_dealt":10707,"minecraft:crouch_one_cm":86244,"tombstone:undead_killed":29,"minecraft:inspect_dispenser":6,"minecraft:horse_one_cm":761,"minecraft:inspect_dropper":1,"minecraft:mob_kills":61,"minecraft:damage_dealt_resisted":12,"minecraft:climb_one_cm":30203,"minecraft:walk_one_cm":850499,"minecraft:damage_dealt_absorbed":88,"minecraft:sneak_time":27935,"minecraft:walk_under_water_one_cm":15513,"minecraft:total_world_time":295583,"tombstone:raider_killed":4,"minecraft:time_since_rest":19072,"minecraft:damage_taken":11425,"minecraft:damage_absorbed":40,"minecraft:trigger_trapped_chest":15,"minecraft:swim_one_cm":42954,"minecraft:fly_one_cm":690194,"minecraft:open_chest":50,"minecraft:fall_one_cm":116141},"minecraft:killed_by":{"minecraft:zombie_villager":1,"minecraft:creeper":1,"alexsmobs:leafcutter_ant":1,"quark:forgotten":9,"minecraft:cave_spider":1,"minecraft:witch":1,"minecraft:zombie":6,"minecraft:illusioner":1,"minecraft:spider":1,"minecraft:skeleton":4},"minecraft:picked_up":{"minecraft:redstone_block":1,"minecraft:creeper_head":1,"minecraft:flower_pot":2,"minecraft:stone_slab":1,"minecraft:potion":1,"minecraft:stone_brick_stairs":12,"minecraft:infested_stone":24,"minecraft:string":60,"minecraft:raw_copper":98,"create:sand_paper":1,"create:mechanical_press":1,"minecraft:cobbled_deepslate":70,"minecraft:comparator":1,"minecraft:spruce_planks":10,"minecraft:cobblestone_slab":110,"minecraft:written_book":1,"minecraft:calcite":3,"minecraft:melon_slice":195,"minecraft:coal_block":1,"minecraft:furnace":10,"minecraft:stick":85,"create:andesite_casing":2,"minecraft:torch":59,"supplementaries:bamboo_spikes_tipped":109,"simplevoiceradio:radio_item":1,"createcafe:cassava_seeds":6,"tombstone:grave_dust":8,"minecraft:diorite":12,"regions_unexplored:barley":12,"create:large_cogwheel":5,"quark:sturdy_stone":4,"minecraft:rotten_flesh":28,"createcafe:coffee_beans":4,"minecraft:music_disc_ward":1,"farmersdelight:onion":16,"supplementaries:antique_ink":1,"minecraft:cobblestone":2306,"minecraft:mossy_cobblestone_slab":15,"minecraft:jungle_log":12,"minecraft:andesite":13,"minecraft:black_bed":5,"create:raw_zinc":15,"minecraft:tuff":16,"delightful:cantaloupe":7,"minecraft:stripped_spruce_wood":15,"supplementaries:flax_seeds":3,"minecraft:lapis_lazuli":14,"minecraft:dirt":44,"minecraft:name_tag":2,"minecraft:bone":46,"supplementaries:present_orange":1,"delightful:mini_melon":15,"minecraft:wheat_seeds":34,"create_new_age:magnetite_block":1,"create:mechanical_drill":4,"minecraft:raw_gold":14,"create:shaft":5,"minecraft:oak_planks":8,"quark:azalea_wood":1,"create:cogwheel":16,"minecraft:jungle_planks":1,"quark:glow_lichen_growth":3,"minecraft:stripped_spruce_log":1,"quark:red_blossom_sapling":1,"regions_unexplored:chalk":10,"minecraft:dead_bush":1,"minecraft:barrel":9,"minecraft:jungle_slab":1,"minecraft:mossy_cobblestone":6,"minecraft:bundle":1,"minecraft:sugar":1,"supplementaries:bamboo_spikes":155,"minecraft:diamond":7,"supplementaries:copper_lantern":6,"minecraft:spruce_sign":14,"minecraft:emerald":1,"alexsmobs:maggot":2,"minecraft:oak_sapling":2,"creatingspace:raw_nickel":4,"minecraft:coarse_dirt":1,"minecraft:crafting_table":1,"byg:soapstone":240,"byg:palm_crafting_table":12,"minecraft:clay_ball":12,"minecraft:leather_leggings":1,"minecraft:brown_mushroom":1,"minecraft:wooden_pickaxe":1,"byg:peat":2,"minecraft:oak_trapdoor":44,"minecraft:red_bed":1,"create:fluid_pipe":3,"minecraft:wooden_sword":1,"supplementaries:cog_block":2,"minecraft:beef":8,"byg:baobab_fruit":1,"minecraft:spruce_slab":18,"supplementaries:cage":2,"minecraft:spruce_trapdoor":86,"biomesoplenty:hanging_cobweb":12,"minecraft:raw_iron":132,"minecraft:stone":23,"minecraft:copper_ingot":2,"minecraft:spruce_fence":11,"minecraft:stone_button":3,"quark:blossom_planks_slab":2,"create:hand_crank":2,"minecraft:carrot":5,"minecraft:redstone":9,"minecraft:iron_horse_armor":2,"create:vertical_gearbox":8,"minecraft:arrow":92,"minecraft:beetroot_seeds":6,"create:depot":1,"miners_delight:bat_wing":1,"byg:palm_log":5,"create:waxed_exposed_copper_tiles":2,"minecraft:skeleton_skull":1,"minecraft:bone_block":31,"create:oxidized_copper_shingles":1,"minecraft:mud_bricks":2,"minecraft:leather":6,"minecraft:red_mushroom":1,"minecraft:chainmail_chestplate":1,"minecraft:oak_log":18,"create:andesite_alloy":10,"minecraft:gunpowder":1,"minecraft:cobblestone_wall":11,"create:item_vault":2,"quark:forgotten_hat":6,"create:copper_ladder":3,"create:crushed_raw_iron":22,"spacestation:tin_ore":1,"minecraft:rabbit_hide":8,"minecraft:iron_ingot":59,"minecraft:oak_fence_gate":1,"minecraft:cobweb":24,"tombstone:bag_of_seeds":1,"byg:jacaranda_log":28,"minecraft:gray_bed":2,"minecraft:iron_sword":1,"minecraft:dark_oak_stairs":2,"sophisticatedbackpacks:diamond_backpack":1,"create:large_water_wheel":2,"byg:incan_lily":2,"quark:glass_item_frame":1,"minecraft:raw_iron_block":5,"minecraft:gravel":5,"biomesoplenty:spider_egg":4,"minecraft:spider_eye":3,"create:gearbox":1,"quark:cobblestone_bricks":2,"minecraft:infested_stone_bricks":19,"minecraft:oak_wood":1,"minecraft:music_disc_mall":1,"quark:cobblestone_vertical_slab":2,"minecraft:iron_helmet":1,"create:rose_quartz":2,"onlyhammersandexcavators:stone_hammer":1,"tombstone:magic_scroll":2,"minecraft:coal":304,"create:andesite_ladder":5},"minecraft:dropped":{"minecraft:spruce_sign":13,"byg:peat":2,"minecraft:iron_sword":1,"minecraft:brown_mushroom":1,"minecraft:dark_oak_stairs":2,"minecraft:lapis_lazuli":14,"biomesoplenty:hanging_cobweb":12,"create:cogwheel":5,"minecraft:iron_horse_armor":2,"minecraft:red_mushroom":1,"minecraft:dirt":20,"minecraft:stone_button":3,"byg:palm_crafting_table":1,"byg:baobab_fruit":1,"biomesoplenty:spider_egg":4,"minecraft:wooden_sword":2,"minecraft:bone_block":8,"create:crushed_raw_iron":12,"byg:jacaranda_log":4,"minecraft:iron_pickaxe":1,"minecraft:sugar":1,"regions_unexplored:chalk":10,"byg:palm_planks":1,"delightful:cantaloupe_slice":9,"minecraft:stone_axe":1,"onlyhammersandexcavators:stone_hammer":1,"quark:sturdy_stone":4,"minecraft:rotten_flesh":1,"quark:cobblestone_vertical_slab":2,"minecraft:infested_stone_bricks":19,"supplementaries:antique_ink":1,"minecraft:chainmail_chestplate":1,"createcafe:cassava_seeds":3,"minecraft:rabbit_hide":15,"minecraft:skeleton_skull":1,"minecraft:oak_wood":1,"minecraft:melon_seeds":2,"minecraft:beetroot_seeds":2,"quark:forgotten_hat":3,"minecraft:leather_leggings":1,"minecraft:spruce_slab":12,"minecraft:arrow":4,"minecraft:beef":2,"minecraft:stone_brick_stairs":12,"minecraft:written_book":1,"minecraft:iron_ingot":58,"minecraft:stripped_spruce_log":1,"minecraft:wheat_seeds":4,"supplementaries:bamboo_spikes":37,"quark:red_blossom_sapling":1,"minecraft:mossy_cobblestone":6,"create:copper_ladder":1,"createcafe:coffee_beans":6,"minecraft:cobblestone":190,"minecraft:iron_helmet":3,"minecraft:lead":1,"spacestation:tin_ore":1,"minecraft:chainmail_helmet":1,"minecraft:stick":98,"minecraft:cobweb":18,"minecraft:jungle_slab":1,"quark:glow_lichen_growth":2,"create:andesite_ladder":5,"minecraft:mossy_cobblestone_slab":15,"minecraft:diorite":12,"tombstone:magic_scroll":2,"minecraft:torch":1,"quark:cobblestone_bricks":2,"byg:soapstone":73,"minecraft:melon_slice":95,"regions_unexplored:barley":12,"tombstone:grave_dust":2,"minecraft:potion":1,"minecraft:iron_leggings":2,"byg:incan_lily":1,"minecraft:iron_axe":1,"quark:blossom_planks_slab":2,"minecraft:oak_trapdoor":37,"create:oxidized_copper_shingles":1,"minecraft:coarse_dirt":1,"minecraft:stone_sword":1,"minecraft:cobblestone_wall":11,"supplementaries:copper_lantern":6,"minecraft:tuff":13,"culturaldelights:eggplant_seeds":1,"minecraft:comparator":1,"sophisticatedbackpacks:backpack":1,"minecraft:stone_slab":1,"minecraft:name_tag":1,"minecraft:spruce_fence":2,"onlyhammersandexcavators:iron_hammer":1,"supplementaries:bamboo_spikes_tipped":65,"minecraft:cobblestone_slab":17,"create_new_age:magnetite_block":1,"minecraft:stone":23,"minecraft:mud_bricks":2,"minecraft:flower_pot":2,"miners_delight:bat_wing":1,"minecraft:spruce_trapdoor":52,"minecraft:spruce_planks":5,"minecraft:iron_chestplate":1,"sophisticatedbackpacks:magnet_upgrade":1,"minecraft:andesite":6,"create:waxed_exposed_copper_tiles":1,"minecraft:infested_stone":24,"minecraft:barrel":4,"minecraft:stone_pickaxe":1,"minecraft:wooden_pickaxe":2,"minecraft:calcite":1,"minecraft:stripped_spruce_wood":11},"minecraft:broken":{"minecraft:iron_sword":1,"quark:forgotten_hat":1,"onlyhammersandexcavators:stone_hammer":3,"minecraft:iron_axe":1,"minecraft:leather_boots":1,"minecraft:iron_pickaxe":2},"minecraft:crafted":{"delightful:cantaloupe_slice":21,"minecraft:oak_planks":72,"minecraft:jungle_fence_gate":2,"minecraft:cobblestone_slab":42,"minecraft:melon_slice":45,"ad_astra:hammer":1,"sophisticatedbackpacks:crafting_upgrade":1,"minecraft:iron_bars":16,"minecraft:iron_boots":1,"onlyhammersandexcavators:stone_hammer":3,"byg:palm_crafting_table":1,"sophisticatedbackpacks:backpack":2,"minecraft:crafting_table":2,"minecraft:spruce_planks":4,"minecraft:wooden_pickaxe":1,"minecraft:iron_helmet":1,"supplementaries:cage":6,"minecraft:copper_ingot":70,"sophisticatedbackpacks:upgrade_base":2,"byg:palm_planks":20,"minecraft:string":6,"minecraft:iron_chestplate":2,"sophisticatedbackpacks:diamond_backpack":1,"minecraft:stick":108,"quark:oak_chest":1,"minecraft:iron_ingot":128,"minecraft:iron_pickaxe":1,"minecraft:iron_block":4,"minecraft:stone_sword":1,"byg:jacaranda_planks":56,"minecraft:raw_iron":45,"minecraft:redstone":18,"minecraft:coal":9,"onlyhammersandexcavators:iron_hammer":2,"quark:jungle_chest":2,"minecraft:furnace":2,"sophisticatedbackpacks:stack_upgrade_starter_tier":1,"minecraft:iron_axe":3,"minecraft:stone_pickaxe":1,"sophisticatedbackpacks:iron_backpack":1,"minecraft:iron_sword":1,"sophisticatedbackpacks:gold_backpack":1,"minecraft:stone_axe":1,"minecraft:jungle_slab":24,"minecraft:air":0,"minecraft:jungle_planks":48,"minecraft:oak_fence_gate":4,"minecraft:iron_leggings":2,"minecraft:torch":36},"minecraft:mined":{"byg:flowering_baobab_leaves":1,"minecraft:spruce_planks":6,"spacestation:tin_ore":1,"minecraft:jungle_slab":1,"create:andesite_casing":2,"minecraft:jungle_leaves":2,"create:copper_ladder":2,"minecraft:spruce_trapdoor":47,"minecraft:potted_dead_bush":1,"minecraft:grass_block":4,"minecraft:jungle_log":13,"create:andesite_ladder":3,"minecraft:coal_block":1,"create:item_vault":2,"minecraft:mud_bricks":2,"quark:glow_lichen_growth":2,"minecraft:spawner":3,"minecraft:raw_iron_block":5,"minecraft:mossy_cobblestone_slab":15,"minecraft:iron_ore":86,"minecraft:barrel":9,"quark:azalea_wood":1,"minecraft:deepslate_lapis_ore":2,"minecraft:dark_oak_stairs":2,"byg:indigo_jacaranda_leaves":1,"quark:sturdy_stone":5,"regions_unexplored:chalk":14,"quark:blossom_planks_slab":1,"create:mechanical_press":1,"minecraft:spruce_slab":17,"minecraft:deepslate_redstone_ore":3,"creatingspace:nickel_ore":3,"minecraft:clay":3,"minecraft:torch":18,"quark:cobblestone_bricks":3,"minecraft:calcite":1,"minecraft:melon":40,"minecraft:spruce_wall_sign":3,"minecraft:cobblestone":219,"minecraft:oak_planks":9,"minecraft:wall_torch":44,"byg:jacaranda_leaves":6,"byg:soapstone":235,"byg:palm_log":5,"sophisticatedbackpacks:diamond_backpack":1,"supplementaries:cog_block":2,"delightful:cantaloupe":8,"minecraft:stone_brick_stairs":10,"byg:jacaranda_planks":2,"minecraft:black_bed":5,"create:ornate_iron_window_pane":4,"minecraft:grass":19,"minecraft:oak_log":18,"delightful:mini_melon":15,"minecraft:oak_fence_gate":1,"minecraft:dirt":42,"minecraft:oak_leaves":7,"minecraft:deepslate":74,"create:zinc_ore":15,"minecraft:tuff":12,"minecraft:mossy_cobblestone":5,"regions_unexplored:barley":1,"byg:palm_crafting_table":11,"minecraft:glow_lichen":1,"minecraft:stone_button":4,"minecraft:spruce_fence":11,"byg:jacaranda_log":28,"minecraft:jungle_planks":1,"byg:ripe_baobab_leaves":1,"create_new_age:thorium_ore":2,"create:depot":1,"minecraft:large_fern":1,"minecraft:oak_trapdoor":25,"minecraft:furnace":10,"supplementaries:bamboo_spikes":139,"minecraft:andesite":10,"minecraft:stripped_spruce_log":1,"byg:flowering_jacaranda_leaves":1,"minecraft:cobblestone_slab":103,"minecraft:deepslate_iron_ore":17,"minecraft:vine":9,"regions_unexplored:medium_grass":3,"minecraft:stone":2185,"minecraft:redstone_block":1,"minecraft:comparator":1,"supplementaries:present_orange":1,"quark:cobblestone_vertical_slab":4,"create_new_age:magnetite_block":1,"minecraft:crafting_table":1,"create:waxed_exposed_copper_tiles":2,"minecraft:emerald_ore":1,"minecraft:oak_wood":1,"quark:potted_red_blossom_sapling":1,"minecraft:stone_slab":1,"minecraft:lightning_rod":2,"minecraft:copper_ore":25,"minecraft:tall_grass":3,"minecraft:diorite":8,"supplementaries:cage":4,"byg:ebony_leaves":12,"minecraft:coarse_dirt":1,"minecraft:cobblestone_wall":11,"minecraft:stripped_spruce_wood":15,"create:gearbox":4,"minecraft:gray_bed":2,"byg:incan_lily":2,"create:mechanical_drill":4,"minecraft:coal_ore":138,"minecraft:gravel":6,"minecraft:cobweb":57,"minecraft:fern":8},"minecraft:killed":{"minecraft:cave_spider":9,"minecraft:witch":4,"minecraft:spider":2,"quark:forgotten":5,"minecraft:skeleton":7,"minecraft:creeper":1,"minecraft:zombie":17,"alexsmobs:komodo_dragon":1,"minecraft:cow":2,"minecraft:horse":5,"minecraft:bat":1},"minecraft:used":{"minecraft:spruce_slab":2,"minecraft:iron_sword":192,"byg:palm_crafting_table":12,"minecraft:jungle_planks":11,"minecraft:jungle_slab":6,"minecraft:tuff":3,"sophisticatedbackpacks:diamond_backpack":1,"minecraft:jungle_fence_gate":2,"onlyhammersandexcavators:stone_hammer":1732,"minecraft:written_book":2,"minecraft:oak_sapling":2,"minecraft:furnace":10,"minecraft:gray_bed":2,"minecraft:stone_pickaxe":80,"minecraft:oak_planks":58,"minecraft:wooden_pickaxe":20,"minecraft:golden_apple":1,"quark:azalea_wood":1,"minecraft:black_bed":5,"minecraft:bread":37,"minecraft:melon_slice":138,"create:andesite_casing":2,"minecraft:gravel":5,"minecraft:andesite":1,"supplementaries:bamboo_spikes":4,"create:vertical_gearbox":4,"byg:jacaranda_planks":57,"minecraft:stone_sword":82,"create:item_vault":2,"minecraft:spruce_planks":8,"minecraft:torch":94,"minecraft:dirt":15,"minecraft:spruce_fence":9,"minecraft:oak_fence_gate":5,"alexsmobs:maggot":2,"create:wrench":621,"create:gearbox":2,"minecraft:iron_axe":316,"minecraft:golden_carrot":1,"tombstone:gift":4,"onlyhammersandexcavators:iron_hammer":1152,"minecraft:calcite":2,"minecraft:cobblestone_slab":139,"create:encased_fan":2,"minecraft:crafting_table":2,"minecraft:red_bed":1,"tombstone:bag_of_seeds":1,"supplementaries:cage":8,"minecraft:iron_pickaxe":602,"delightful:cantaloupe_slice":12,"byg:soapstone":1,"supplementaries:present_orange":1,"create:copper_ladder":2,"minecraft:stone_axe":146,"minecraft:cobblestone":753,"minecraft:potion":1,"create:waxed_exposed_copper_tiles":1,"alexsmobs:animal_dictionary":1}},"DataVersion":3120}