{"stats":{"minecraft:crafted":{"byg:palm_planks":20,"byg:palm_crafting_table":1,"minecraft:crafting_table":1,"minecraft:stick":12,"minecraft:wooden_pickaxe":1,"minecraft:stone_pickaxe":1,"onlyhammersandexcavators:stone_hammer":2,"minecraft:jungle_planks":4},"minecraft:custom":{"minecraft:time_since_rest":22233,"minecraft:sprint_one_cm":32825,"minecraft:damage_taken":150,"minecraft:walk_one_cm":38467,"minecraft:drop":1,"minecraft:damage_dealt":16,"minecraft:interact_with_crafting_table":8,"minecraft:fly_one_cm":46913,"minecraft:crouch_one_cm":445,"minecraft:play_time":22233,"minecraft:sneak_time":178,"minecraft:jump":194,"minecraft:leave_game":2,"minecraft:time_since_death":22233,"minecraft:climb_one_cm":575,"minecraft:total_world_time":22233,"minecraft:fall_one_cm":6026},"minecraft:dropped":{"createcafe:cassava_seeds":1},"minecraft:picked_up":{"minecraft:crafting_table":1,"minecraft:raw_iron":6,"byg:soapstone":25,"byg:palm_crafting_table":1,"minecraft:jungle_log":1,"minecraft:gravel":5,"createcafe:cassava_seeds":1,"minecraft:dirt":26,"minecraft:raw_copper":67,"byg:palm_log":5,"minecraft:oak_sapling":2,"minecraft:cobblestone":645},"minecraft:mined":{"byg:soapstone":28,"byg:palm_log":5,"minecraft:iron_ore":6,"byg:palm_crafting_table":1,"minecraft:crafting_table":1,"minecraft:grass":5,"minecraft:jungle_log":1,"minecraft:gravel":5,"minecraft:dirt":28,"minecraft:copper_ore":19,"minecraft:cobblestone":7,"minecraft:stone":649,"minecraft:oak_leaves":6},"minecraft:broken":{"onlyhammersandexcavators:stone_hammer":1},"minecraft:used":{"minecraft:stone_pickaxe":28,"minecraft:bread":4,"minecraft:wooden_pickaxe":20,"onlyhammersandexcavators:stone_hammer":746,"byg:palm_crafting_table":1,"minecraft:dirt":15,"minecraft:cobblestone":43,"minecraft:crafting_table":2,"minecraft:oak_sapling":2}},"DataVersion":3120}