{"stats":{"minecraft:killed":{"minecraft:skeleton":1,"minecraft:zombie":1,"minecraft:cow":1},"minecraft:custom":{"minecraft:mob_kills":3,"minecraft:interact_with_crafting_table":14,"minecraft:open_barrel":22,"minecraft:leave_game":2,"minecraft:time_since_death":6489,"minecraft:sleep_in_bed":1,"minecraft:climb_one_cm":1566,"minecraft:time_since_rest":5926,"minecraft:sprint_one_cm":108520,"minecraft:damage_taken":992,"minecraft:walk_one_cm":117377,"minecraft:trigger_trapped_chest":2,"minecraft:drop":26,"minecraft:damage_dealt":695,"minecraft:fly_one_cm":146091,"minecraft:open_chest":9,"minecraft:crouch_one_cm":1838,"minecraft:play_time":50330,"tombstone:undead_killed":2,"minecraft:deaths":2,"minecraft:sneak_time":642,"minecraft:jump":618,"minecraft:interact_with_brewingstand":1,"minecraft:total_world_time":50330,"minecraft:fall_one_cm":12441},"minecraft:killed_by":{"alexsmobs:leafcutter_ant":1,"minecraft:illusioner":1},"minecraft:broken":{"onlyhammersandexcavators:stone_hammer":1},"minecraft:used":{"minecraft:calcite":2,"minecraft:stone_sword":17,"minecraft:stone_pickaxe":76,"minecraft:wooden_pickaxe":20,"byg:palm_crafting_table":5,"minecraft:dirt":15,"minecraft:crafting_table":2,"minecraft:red_bed":1,"tombstone:bag_of_seeds":1,"supplementaries:cage":3,"minecraft:bread":5,"delightful:cantaloupe_slice":7,"onlyhammersandexcavators:stone_hammer":867,"minecraft:gravel":5,"minecraft:stone_axe":29,"minecraft:cobblestone":61,"minecraft:oak_sapling":2,"minecraft:gray_bed":2,"minecraft:andesite":1,"tombstone:gift":2},"minecraft:dropped":{"quark:blossom_planks_slab":2,"delightful:cantaloupe_slice":9,"quark:red_blossom_sapling":1,"createcafe:coffee_beans":2,"culturaldelights:eggplant_seeds":1,"sophisticatedbackpacks:backpack":1,"createcafe:cassava_seeds":1,"minecraft:dirt":15,"minecraft:flower_pot":2,"minecraft:diorite":4,"minecraft:beetroot_seeds":2,"minecraft:melon_seeds":2,"minecraft:potion":1,"tombstone:grave_dust":1,"minecraft:wooden_sword":2,"minecraft:wooden_pickaxe":2,"minecraft:calcite":1},"minecraft:crafted":{"delightful:cantaloupe_slice":21,"sophisticatedbackpacks:backpack":2,"byg:palm_crafting_table":1,"minecraft:crafting_table":1,"minecraft:wooden_pickaxe":1,"quark:jungle_chest":2,"minecraft:stone_axe":1,"minecraft:jungle_planks":20,"byg:palm_planks":20,"minecraft:string":6,"minecraft:stick":16,"minecraft:stone_pickaxe":1,"minecraft:stone_sword":1,"onlyhammersandexcavators:stone_hammer":2},"minecraft:mined":{"minecraft:tuff":9,"minecraft:spruce_planks":1,"byg:palm_crafting_table":5,"minecraft:jungle_leaves":2,"minecraft:potted_dead_bush":1,"minecraft:clay":3,"minecraft:crafting_table":1,"minecraft:calcite":1,"quark:potted_red_blossom_sapling":1,"minecraft:jungle_log":13,"create_new_age:thorium_ore":2,"minecraft:copper_ore":19,"minecraft:cobblestone":8,"minecraft:diorite":8,"supplementaries:cage":3,"byg:soapstone":41,"minecraft:coarse_dirt":1,"byg:palm_log":5,"delightful:cantaloupe":8,"minecraft:iron_ore":6,"minecraft:gray_bed":2,"minecraft:andesite":10,"minecraft:grass":5,"minecraft:coal_ore":18,"minecraft:vine":6,"minecraft:gravel":5,"minecraft:dirt":34,"minecraft:cobweb":1,"minecraft:stone":737,"quark:blossom_planks_slab":1,"minecraft:oak_leaves":6},"minecraft:picked_up":{"minecraft:coarse_dirt":1,"minecraft:crafting_table":1,"byg:soapstone":38,"byg:palm_crafting_table":5,"minecraft:flower_pot":2,"minecraft:clay_ball":12,"minecraft:andesite":7,"minecraft:jungle_log":12,"minecraft:leather":2,"minecraft:wooden_pickaxe":1,"minecraft:tuff":13,"delightful:cantaloupe":7,"byg:peat":2,"minecraft:string":1,"minecraft:dirt":32,"minecraft:red_bed":1,"minecraft:raw_copper":67,"minecraft:wooden_sword":1,"minecraft:spruce_planks":1,"minecraft:beef":2,"minecraft:calcite":3,"tombstone:bag_of_seeds":1,"supplementaries:cage":1,"minecraft:gray_bed":2,"minecraft:raw_iron":6,"minecraft:gravel":5,"createcafe:cassava_seeds":1,"quark:blossom_planks_slab":2,"minecraft:diorite":8,"minecraft:dead_bush":1,"quark:red_blossom_sapling":1,"minecraft:arrow":2,"byg:palm_log":5,"minecraft:oak_sapling":2,"minecraft:coal":8,"minecraft:cobblestone":722}},"DataVersion":3120}