{"stats":{"minecraft:custom":{"minecraft:interact_with_crafting_table":52,"minecraft:open_barrel":77,"goblintraders:trade_with_goblin":60,"minecraft:leave_game":2,"minecraft:time_since_death":23910,"minecraft:damage_resisted":2,"minecraft:sprint_one_cm":494752,"minecraft:drop":211,"minecraft:play_time":247583,"minecraft:deaths":26,"minecraft:interact_with_brewingstand":1,"minecraft:jump":3691,"minecraft:walk_on_water_one_cm":16063,"minecraft:interact_with_furnace":81,"minecraft:sleep_in_bed":9,"minecraft:damage_dealt":9575,"minecraft:crouch_one_cm":46717,"tombstone:undead_killed":26,"minecraft:inspect_dispenser":4,"minecraft:horse_one_cm":761,"minecraft:mob_kills":56,"minecraft:climb_one_cm":23625,"minecraft:walk_one_cm":674129,"minecraft:sneak_time":18037,"minecraft:walk_under_water_one_cm":15513,"minecraft:total_world_time":247583,"tombstone:raider_killed":4,"minecraft:time_since_rest":23694,"minecraft:damage_taken":10908,"minecraft:damage_absorbed":40,"minecraft:trigger_trapped_chest":15,"minecraft:swim_one_cm":42954,"minecraft:fly_one_cm":657278,"minecraft:open_chest":49,"minecraft:fall_one_cm":107473},"minecraft:killed_by":{"minecraft:zombie_villager":1,"minecraft:creeper":1,"alexsmobs:leafcutter_ant":1,"quark:forgotten":9,"minecraft:cave_spider":1,"minecraft:witch":1,"minecraft:zombie":6,"minecraft:illusioner":1,"minecraft:spider":1,"minecraft:skeleton":3},"minecraft:picked_up":{"minecraft:creeper_head":1,"minecraft:flower_pot":2,"minecraft:stone_slab":1,"minecraft:stone_brick_stairs":12,"minecraft:infested_stone":24,"minecraft:string":60,"minecraft:raw_copper":96,"create:sand_paper":1,"create:mechanical_press":1,"minecraft:cobbled_deepslate":70,"minecraft:spruce_planks":5,"minecraft:cobblestone_slab":17,"minecraft:written_book":1,"minecraft:calcite":3,"minecraft:melon_slice":195,"minecraft:coal_block":1,"minecraft:furnace":10,"minecraft:stick":85,"create:andesite_casing":1,"minecraft:torch":40,"supplementaries:bamboo_spikes_tipped":109,"simplevoiceradio:radio_item":1,"createcafe:cassava_seeds":6,"tombstone:grave_dust":7,"minecraft:diorite":12,"regions_unexplored:barley":12,"create:large_cogwheel":2,"quark:sturdy_stone":3,"minecraft:rotten_flesh":26,"createcafe:coffee_beans":4,"minecraft:music_disc_ward":1,"farmersdelight:onion":16,"supplementaries:antique_ink":1,"minecraft:cobblestone":1552,"minecraft:mossy_cobblestone_slab":15,"minecraft:jungle_log":12,"minecraft:andesite":13,"minecraft:black_bed":5,"create:raw_zinc":3,"minecraft:tuff":16,"delightful:cantaloupe":7,"minecraft:stripped_spruce_wood":10,"supplementaries:flax_seeds":3,"minecraft:lapis_lazuli":14,"minecraft:dirt":44,"minecraft:name_tag":2,"minecraft:bone":46,"supplementaries:present_orange":1,"delightful:mini_melon":15,"minecraft:wheat_seeds":34,"create:mechanical_drill":4,"minecraft:raw_gold":14,"minecraft:oak_planks":8,"quark:azalea_wood":1,"minecraft:jungle_planks":1,"minecraft:stripped_spruce_log":1,"quark:red_blossom_sapling":1,"regions_unexplored:chalk":10,"minecraft:dead_bush":1,"minecraft:barrel":3,"minecraft:jungle_slab":1,"minecraft:bundle":1,"minecraft:sugar":1,"supplementaries:bamboo_spikes":155,"minecraft:diamond":6,"minecraft:spruce_sign":5,"minecraft:emerald":1,"alexsmobs:maggot":2,"minecraft:oak_sapling":2,"creatingspace:raw_nickel":2,"minecraft:coarse_dirt":1,"minecraft:crafting_table":1,"byg:soapstone":203,"byg:palm_crafting_table":12,"minecraft:clay_ball":12,"minecraft:brown_mushroom":1,"minecraft:wooden_pickaxe":1,"byg:peat":2,"minecraft:oak_trapdoor":8,"minecraft:red_bed":1,"minecraft:wooden_sword":1,"minecraft:beef":8,"byg:baobab_fruit":1,"minecraft:spruce_slab":13,"supplementaries:cage":2,"minecraft:spruce_trapdoor":16,"minecraft:raw_iron":132,"minecraft:copper_ingot":2,"minecraft:spruce_fence":11,"minecraft:stone_button":3,"quark:blossom_planks_slab":2,"create:hand_crank":1,"minecraft:carrot":5,"minecraft:redstone":8,"minecraft:iron_horse_armor":2,"create:vertical_gearbox":1,"minecraft:arrow":85,"minecraft:beetroot_seeds":6,"create:depot":1,"miners_delight:bat_wing":1,"byg:palm_log":5,"create:waxed_exposed_copper_tiles":2,"minecraft:skeleton_skull":1,"minecraft:bone_block":31,"create:oxidized_copper_shingles":1,"minecraft:mud_bricks":2,"minecraft:leather":6,"minecraft:red_mushroom":1,"minecraft:oak_log":18,"minecraft:cobblestone_wall":11,"create:item_vault":2,"quark:forgotten_hat":6,"create:copper_ladder":3,"minecraft:rabbit_hide":8,"minecraft:iron_ingot":59,"minecraft:oak_fence_gate":1,"minecraft:cobweb":6,"tombstone:bag_of_seeds":1,"byg:jacaranda_log":28,"minecraft:gray_bed":2,"minecraft:iron_sword":1,"minecraft:dark_oak_stairs":2,"sophisticatedbackpacks:diamond_backpack":1,"create:large_water_wheel":2,"byg:incan_lily":2,"quark:glass_item_frame":1,"minecraft:raw_iron_block":5,"minecraft:gravel":5,"minecraft:spider_eye":3,"create:gearbox":1,"quark:cobblestone_bricks":2,"minecraft:infested_stone_bricks":19,"minecraft:oak_wood":1,"minecraft:music_disc_mall":1,"quark:cobblestone_vertical_slab":1,"minecraft:iron_helmet":1,"onlyhammersandexcavators:stone_hammer":1,"tombstone:magic_scroll":2,"minecraft:coal":250,"create:andesite_ladder":2},"minecraft:dropped":{"byg:peat":2,"minecraft:iron_sword":1,"minecraft:brown_mushroom":1,"minecraft:dark_oak_stairs":2,"minecraft:lapis_lazuli":14,"minecraft:iron_horse_armor":2,"minecraft:red_mushroom":1,"minecraft:dirt":20,"byg:palm_crafting_table":1,"byg:baobab_fruit":1,"minecraft:wooden_sword":2,"minecraft:bone_block":8,"byg:jacaranda_log":4,"minecraft:iron_pickaxe":1,"minecraft:sugar":1,"regions_unexplored:chalk":10,"byg:palm_planks":1,"delightful:cantaloupe_slice":9,"minecraft:stone_axe":1,"onlyhammersandexcavators:stone_hammer":1,"quark:sturdy_stone":3,"minecraft:rotten_flesh":1,"quark:cobblestone_vertical_slab":1,"minecraft:infested_stone_bricks":19,"supplementaries:antique_ink":1,"createcafe:cassava_seeds":3,"minecraft:rabbit_hide":15,"minecraft:skeleton_skull":1,"minecraft:oak_wood":1,"minecraft:melon_seeds":2,"minecraft:beetroot_seeds":2,"quark:forgotten_hat":3,"minecraft:spruce_slab":3,"minecraft:arrow":4,"minecraft:beef":2,"minecraft:stone_brick_stairs":2,"minecraft:iron_ingot":58,"minecraft:stripped_spruce_log":1,"minecraft:wheat_seeds":4,"supplementaries:bamboo_spikes":37,"quark:red_blossom_sapling":1,"create:copper_ladder":1,"createcafe:coffee_beans":6,"minecraft:cobblestone":181,"minecraft:iron_helmet":3,"minecraft:lead":1,"minecraft:chainmail_helmet":1,"minecraft:stick":98,"minecraft:jungle_slab":1,"minecraft:diorite":12,"tombstone:magic_scroll":2,"minecraft:torch":1,"quark:cobblestone_bricks":2,"byg:soapstone":37,"minecraft:melon_slice":95,"regions_unexplored:barley":12,"tombstone:grave_dust":2,"minecraft:potion":1,"minecraft:iron_leggings":2,"byg:incan_lily":1,"quark:blossom_planks_slab":2,"create:oxidized_copper_shingles":1,"minecraft:coarse_dirt":1,"minecraft:stone_sword":1,"minecraft:cobblestone_wall":1,"minecraft:tuff":13,"culturaldelights:eggplant_seeds":1,"sophisticatedbackpacks:backpack":1,"minecraft:stone_slab":1,"minecraft:name_tag":1,"minecraft:spruce_fence":2,"onlyhammersandexcavators:iron_hammer":1,"supplementaries:bamboo_spikes_tipped":65,"minecraft:mud_bricks":2,"minecraft:flower_pot":2,"miners_delight:bat_wing":1,"minecraft:spruce_trapdoor":2,"minecraft:spruce_planks":5,"minecraft:iron_chestplate":1,"sophisticatedbackpacks:magnet_upgrade":1,"minecraft:andesite":6,"minecraft:infested_stone":24,"minecraft:stone_pickaxe":1,"minecraft:wooden_pickaxe":2,"minecraft:calcite":1,"minecraft:stripped_spruce_wood":1},"minecraft:broken":{"quark:forgotten_hat":1,"onlyhammersandexcavators:stone_hammer":3,"minecraft:leather_boots":1,"minecraft:iron_pickaxe":1},"minecraft:crafted":{"delightful:cantaloupe_slice":21,"minecraft:oak_planks":72,"minecraft:jungle_fence_gate":2,"minecraft:melon_slice":45,"ad_astra:hammer":1,"sophisticatedbackpacks:crafting_upgrade":1,"minecraft:iron_bars":16,"minecraft:iron_boots":1,"onlyhammersandexcavators:stone_hammer":3,"byg:palm_crafting_table":1,"sophisticatedbackpacks:backpack":2,"minecraft:crafting_table":2,"minecraft:spruce_planks":4,"minecraft:wooden_pickaxe":1,"minecraft:iron_helmet":1,"supplementaries:cage":6,"minecraft:copper_ingot":70,"sophisticatedbackpacks:upgrade_base":2,"byg:palm_planks":20,"minecraft:string":6,"minecraft:iron_chestplate":2,"sophisticatedbackpacks:diamond_backpack":1,"minecraft:stick":108,"quark:oak_chest":1,"minecraft:iron_ingot":128,"minecraft:iron_pickaxe":1,"minecraft:iron_block":4,"minecraft:stone_sword":1,"byg:jacaranda_planks":56,"minecraft:raw_iron":45,"minecraft:redstone":9,"minecraft:coal":9,"onlyhammersandexcavators:iron_hammer":2,"quark:jungle_chest":2,"minecraft:furnace":2,"sophisticatedbackpacks:stack_upgrade_starter_tier":1,"minecraft:iron_axe":1,"minecraft:stone_pickaxe":1,"sophisticatedbackpacks:iron_backpack":1,"minecraft:iron_sword":1,"sophisticatedbackpacks:gold_backpack":1,"minecraft:stone_axe":1,"minecraft:jungle_slab":24,"minecraft:air":0,"minecraft:jungle_planks":48,"minecraft:oak_fence_gate":4,"minecraft:iron_leggings":2,"minecraft:torch":36},"minecraft:mined":{"byg:flowering_baobab_leaves":1,"minecraft:spruce_planks":6,"minecraft:jungle_slab":1,"create:andesite_casing":1,"minecraft:jungle_leaves":2,"create:copper_ladder":2,"minecraft:spruce_trapdoor":14,"minecraft:potted_dead_bush":1,"minecraft:grass_block":4,"minecraft:jungle_log":13,"create:andesite_ladder":2,"minecraft:coal_block":1,"create:item_vault":2,"minecraft:mud_bricks":2,"minecraft:spawner":3,"minecraft:raw_iron_block":5,"minecraft:mossy_cobblestone_slab":15,"minecraft:iron_ore":86,"minecraft:barrel":3,"quark:azalea_wood":1,"minecraft:deepslate_lapis_ore":2,"minecraft:dark_oak_stairs":2,"byg:indigo_jacaranda_leaves":1,"quark:sturdy_stone":2,"regions_unexplored:chalk":14,"quark:blossom_planks_slab":1,"create:mechanical_press":1,"minecraft:spruce_slab":10,"minecraft:deepslate_redstone_ore":3,"creatingspace:nickel_ore":1,"minecraft:clay":3,"minecraft:torch":14,"quark:cobblestone_bricks":3,"minecraft:calcite":1,"minecraft:melon":40,"minecraft:spruce_wall_sign":1,"minecraft:cobblestone":107,"minecraft:oak_planks":9,"minecraft:wall_torch":29,"byg:jacaranda_leaves":6,"byg:soapstone":198,"byg:palm_log":5,"sophisticatedbackpacks:diamond_backpack":1,"delightful:cantaloupe":8,"minecraft:stone_brick_stairs":10,"byg:jacaranda_planks":2,"minecraft:black_bed":5,"create:ornate_iron_window_pane":4,"minecraft:grass":19,"minecraft:oak_log":18,"delightful:mini_melon":15,"minecraft:oak_fence_gate":1,"minecraft:dirt":42,"minecraft:oak_leaves":7,"minecraft:deepslate":74,"create:zinc_ore":3,"minecraft:tuff":12,"regions_unexplored:barley":1,"byg:palm_crafting_table":11,"minecraft:glow_lichen":1,"minecraft:stone_button":4,"minecraft:spruce_fence":11,"byg:jacaranda_log":28,"minecraft:jungle_planks":1,"byg:ripe_baobab_leaves":1,"create_new_age:thorium_ore":2,"create:depot":1,"minecraft:large_fern":1,"minecraft:oak_trapdoor":8,"minecraft:furnace":10,"supplementaries:bamboo_spikes":139,"minecraft:andesite":10,"minecraft:stripped_spruce_log":1,"byg:flowering_jacaranda_leaves":1,"minecraft:cobblestone_slab":15,"minecraft:deepslate_iron_ore":17,"minecraft:vine":9,"regions_unexplored:medium_grass":3,"minecraft:stone":1528,"supplementaries:present_orange":1,"quark:cobblestone_vertical_slab":2,"minecraft:crafting_table":1,"create:waxed_exposed_copper_tiles":2,"minecraft:emerald_ore":1,"minecraft:oak_wood":1,"quark:potted_red_blossom_sapling":1,"minecraft:stone_slab":1,"minecraft:lightning_rod":2,"minecraft:copper_ore":24,"minecraft:tall_grass":3,"minecraft:diorite":8,"supplementaries:cage":4,"byg:ebony_leaves":12,"minecraft:coarse_dirt":1,"minecraft:cobblestone_wall":11,"minecraft:stripped_spruce_wood":9,"create:gearbox":3,"minecraft:gray_bed":2,"byg:incan_lily":2,"create:mechanical_drill":4,"minecraft:coal_ore":92,"minecraft:gravel":6,"minecraft:cobweb":57,"minecraft:fern":8},"minecraft:killed":{"minecraft:cave_spider":9,"minecraft:witch":4,"minecraft:spider":2,"quark:forgotten":5,"minecraft:skeleton":6,"minecraft:zombie":15,"alexsmobs:komodo_dragon":1,"minecraft:cow":2,"minecraft:horse":5,"minecraft:bat":1},"minecraft:used":{"minecraft:iron_sword":173,"byg:palm_crafting_table":12,"minecraft:jungle_planks":11,"minecraft:jungle_slab":6,"minecraft:tuff":3,"sophisticatedbackpacks:diamond_backpack":1,"minecraft:jungle_fence_gate":2,"onlyhammersandexcavators:stone_hammer":1732,"minecraft:oak_sapling":2,"minecraft:furnace":10,"minecraft:gray_bed":2,"minecraft:stone_pickaxe":80,"minecraft:oak_planks":50,"minecraft:wooden_pickaxe":20,"minecraft:golden_apple":1,"minecraft:black_bed":5,"minecraft:bread":37,"minecraft:melon_slice":118,"create:andesite_casing":2,"minecraft:gravel":5,"minecraft:andesite":1,"supplementaries:bamboo_spikes":4,"create:vertical_gearbox":4,"byg:jacaranda_planks":57,"minecraft:stone_sword":82,"create:item_vault":2,"minecraft:spruce_planks":4,"minecraft:torch":71,"minecraft:dirt":15,"minecraft:spruce_fence":9,"minecraft:oak_fence_gate":5,"alexsmobs:maggot":2,"create:wrench":265,"create:gearbox":2,"minecraft:iron_axe":241,"minecraft:golden_carrot":1,"tombstone:gift":4,"onlyhammersandexcavators:iron_hammer":355,"minecraft:calcite":2,"minecraft:crafting_table":2,"minecraft:red_bed":1,"tombstone:bag_of_seeds":1,"supplementaries:cage":8,"minecraft:iron_pickaxe":342,"delightful:cantaloupe_slice":12,"supplementaries:present_orange":1,"create:copper_ladder":2,"minecraft:stone_axe":146,"minecraft:cobblestone":305,"alexsmobs:animal_dictionary":1}},"DataVersion":3120}