{"stats":{"minecraft:custom":{"minecraft:interact_with_crafting_table":52,"minecraft:open_barrel":95,"goblintraders:trade_with_goblin":90,"minecraft:leave_game":6,"minecraft:time_since_death":35449,"minecraft:play_time":576019,"minecraft:deaths":34,"minecraft:jump":7490,"minecraft:interact_with_furnace":191,"minecraft:sleep_in_bed":13,"minecraft:damage_dealt":15889,"tombstone:undead_killed":44,"minecraft:inspect_dispenser":7,"minecraft:horse_one_cm":1664,"minecraft:inspect_dropper":1,"minecraft:damage_dealt_absorbed":178,"minecraft:sneak_time":45030,"minecraft:total_world_time":576019,"tombstone:raider_killed":7,"minecraft:time_since_rest":0,"minecraft:swim_one_cm":83278,"minecraft:fly_one_cm":1441836,"minecraft:open_chest":113,"minecraft:fall_one_cm":232048,"minecraft:damage_resisted":2,"minecraft:sprint_one_cm":1093370,"minecraft:drop":384,"minecraft:talked_to_villager":9,"minecraft:interact_with_brewingstand":1,"minecraft:walk_on_water_one_cm":29472,"minecraft:crouch_one_cm":125264,"tombstone:villager_killed":1,"minecraft:mob_kills":90,"minecraft:damage_dealt_resisted":12,"minecraft:climb_one_cm":147892,"minecraft:walk_one_cm":1561617,"minecraft:walk_under_water_one_cm":21868,"minecraft:damage_taken":16054,"minecraft:damage_absorbed":40,"minecraft:trigger_trapped_chest":26},"minecraft:crafted":{"minecraft:jungle_fence_gate":2,"ad_astra:hammer":1,"minecraft:lever":2,"sophisticatedbackpacks:crafting_upgrade":1,"minecraft:iron_bars":32,"create:radial_chassis":3,"byg:palm_crafting_table":1,"supplementaries:cage":6,"minecraft:copper_ingot":235,"quark:oak_chest":4,"minecraft:iron_pickaxe":1,"minecraft:iron_block":15,"minecraft:gold_ingot":20,"create_dd:redstone_divider":1,"minecraft:iron_nugget":27,"onlyhammersandexcavators:iron_hammer":3,"minecraft:diamond_hoe":1,"quark:jungle_chest":2,"sophisticatedbackpacks:stack_upgrade_tier_1":1,"simplevoiceradio:radio_item":2,"minecraft:bone_meal":15,"minecraft:diamond":18,"minecraft:stone_pickaxe":1,"sophisticatedbackpacks:gold_backpack":1,"minecraft:jungle_slab":24,"minecraft:oak_fence_gate":4,"create_connected:empty_fan_catalyst":4,"minecraft:iron_leggings":2,"delightful:cantaloupe_slice":21,"minecraft:oak_planks":100,"minecraft:cobblestone_slab":42,"minecraft:melon_slice":45,"create:mechanical_harvester":2,"create:mechanical_bearing":1,"minecraft:iron_boots":1,"minecraft:copper_block":8,"onlyhammersandexcavators:stone_hammer":3,"create:depot":1,"vs_eureka:anchor":1,"sophisticatedbackpacks:backpack":2,"minecraft:crafting_table":2,"minecraft:spruce_planks":4,"minecraft:wooden_pickaxe":1,"minecraft:baked_potato":64,"minecraft:iron_helmet":1,"create:gearshift":1,"minecraft:acacia_button":1,"sophisticatedbackpacks:upgrade_base":5,"byg:palm_planks":20,"ad_astra:iron_plate":13,"minecraft:string":6,"minecraft:iron_chestplate":3,"create:portable_storage_interface":2,"create:super_glue":1,"sophisticatedbackpacks:diamond_backpack":1,"minecraft:stick":108,"minecraft:iron_ingot":188,"minecraft:stone_sword":1,"minecraft:redstone_torch":4,"create:chute":4,"byg:jacaranda_planks":56,"minecraft:raw_iron":45,"minecraft:redstone":63,"minecraft:coal":504,"minecraft:furnace":8,"sophisticatedbackpacks:stack_upgrade_starter_tier":3,"minecraft:leather":9,"minecraft:iron_axe":4,"sophisticatedbackpacks:iron_backpack":1,"minecraft:iron_sword":4,"minecraft:stone_axe":1,"minecraft:air":0,"minecraft:jungle_planks":48,"minecraft:acacia_planks":4,"minecraft:torch":64},"minecraft:used":{"minecraft:moss_block":1,"minecraft:spruce_slab":4,"minecraft:jungle_slab":6,"create:depot":4,"minecraft:acacia_button":4,"supplementaries:planter":1,"minecraft:jungle_fence_gate":2,"create:shaft":1,"minecraft:furnace":27,"minecraft:oak_sapling":2,"minecraft:potato":80,"minecraft:wooden_pickaxe":20,"regions_unexplored:chalk":2,"minecraft:golden_apple":2,"byg:yellow_daffodil":1,"byg:pink_allium":1,"supplementaries:bamboo_spikes":4,"minecraft:stripped_acacia_wood":4,"minecraft:stone_sword":82,"minecraft:torch":165,"minecraft:oak_fence_gate":5,"minecraft:shroomlight":2,"supplementaries:pedestal":1,"minecraft:flowering_azalea":1,"create:wrench":1029,"create:gearbox":2,"minecraft:iron_axe":544,"tombstone:gift":5,"minecraft:cobbled_deepslate":14,"create_dd:redstone_divider":1,"minecraft:calcite":2,"minecraft:water_bucket":17,"minecraft:waxed_exposed_copper":1,"minecraft:mossy_cobblestone":9,"create:encased_fan":6,"minecraft:oak_slab":4,"minecraft:crafting_table":2,"supplementaries:ash_bricks":2,"minecraft:red_bed":1,"quark:glass_item_frame":2,"minecraft:oak_log":20,"goodending:birch_mushroom":1,"minecraft:iron_pickaxe":1040,"create:water_wheel":2,"delightful:cantaloupe_slice":12,"supplementaries:present_orange":1,"create:copper_ladder":2,"minecraft:cobblestone":1007,"minecraft:potion":1,"quark:oak_chest":4,"create:redstone_link":14,"quark:sturdy_stone":2,"minecraft:diamond_hoe":89,"create:portable_storage_interface":7,"minecraft:iron_sword":254,"minecraft:player_head":1,"byg:palm_crafting_table":12,"create:mechanical_bearing":1,"alexsmobs:medium_catfish_bucket":3,"minecraft:jungle_planks":11,"minecraft:carrot":127,"minecraft:tuff":3,"sophisticatedbackpacks:diamond_backpack":1,"onlyhammersandexcavators:stone_hammer":1732,"minecraft:written_book":2,"minecraft:gray_bed":2,"minecraft:stone_pickaxe":80,"minecraft:oak_planks":63,"create:oxidized_copper_shingles":1,"onlyhammersandexcavators:stone_excavator":239,"quark:azalea_wood":1,"minecraft:black_bed":5,"minecraft:redstone_torch":4,"minecraft:lever":14,"minecraft:bread":37,"minecraft:melon_slice":145,"create:andesite_casing":2,"minecraft:gravel":5,"minecraft:andesite":1,"create:vertical_gearbox":4,"extradelight:cactus_juice":3,"minecraft:bone_meal":222,"create:large_cogwheel":3,"byg:jacaranda_planks":57,"supplementaries:cog_block":2,"create:item_vault":2,"minecraft:spruce_planks":8,"minecraft:dirt":232,"alexsmobs:moose_ribs":3,"minecraft:spruce_fence":9,"create:chute":1,"minecraft:dark_oak_planks":3,"alexsmobs:maggot":4,"create:brown_toolbox":1,"create:rose_quartz_block":4,"vs_eureka:anchor":2,"minecraft:golden_carrot":1,"create:radial_chassis":3,"onlyhammersandexcavators:iron_hammer":2053,"create:gearshift":1,"minecraft:baked_potato":26,"minecraft:spruce_sign":3,"minecraft:cobblestone_slab":139,"supplementaries:slingshot":8,"create:mechanical_harvester":7,"quark:cobblestone_vertical_slab":3,"tombstone:bag_of_seeds":1,"minecraft:apple":62,"supplementaries:cage":17,"create_connected:empty_fan_catalyst":4,"byg:soapstone":1,"minecraft:stone_axe":146,"create:waxed_exposed_copper_tiles":1,"minecraft:bucket":21,"alexsmobs:animal_dictionary":1,"create:hand_crank":1,"minecraft:splash_potion":1},"minecraft:killed":{"minecraft:cave_spider":12,"alexsmobs:murmur":2,"minecraft:skeleton":7,"minecraft:pillager":3,"minecraft:zombie":30,"minecraft:cow":2,"minecraft:horse":5,"minecraft:wandering_trader":1,"minecraft:witch":4,"minecraft:spider":5,"quark:forgotten":5,"minecraft:creeper":1,"minecraft:trader_llama":2,"alexsmobs:komodo_dragon":1,"minecraft:bat":1},"minecraft:picked_up":{"minecraft:anvil":1,"minecraft:creeper_head":1,"minecraft:flower_pot":2,"minecraft:lead":2,"create:metal_bracket":2,"byg:pink_allium":2,"minecraft:stone_slab":1,"minecraft:infested_stone":24,"minecraft:string":65,"minecraft:shroomlight":2,"minecraft:cobbled_deepslate":153,"minecraft:spruce_planks":10,"minecraft:written_book":1,"minecraft:melon_slice":195,"minecraft:coal_block":56,"byg:yellow_daffodil":1,"quark:azalea_leaf_carpet":1,"create:andesite_casing":2,"simplevoiceradio:radio_item":1,"createcafe:coffee_beans":12,"farmersdelight:onion":16,"minecraft:polished_basalt":14,"minecraft:iron_block":3,"supplementaries:ash":6,"minecraft:magma_block":3,"minecraft:mossy_cobblestone_slab":15,"minecraft:jungle_log":12,"minecraft:copper_block":5,"delightful:cantaloupe":7,"minecraft:stripped_spruce_wood":16,"supplementaries:slingshot":1,"supplementaries:present_orange":1,"delightful:mini_melon":15,"create:mechanical_drill":4,"create:shaft":6,"minecraft:moss_block":2,"quark:azalea_wood":1,"minecraft:stripped_acacia_wood":6,"minecraft:stripped_spruce_log":1,"quark:glow_lichen_growth":3,"vs_eureka:anchor":1,"minecraft:dark_oak_log":2,"minecraft:barrel":9,"minecraft:bundle":1,"supplementaries:bamboo_spikes":155,"minecraft:lever":14,"alexsmobs:maggot":4,"minecraft:light_gray_carpet":2,"goodending:birch_mushroom":1,"sophisticatedbackpacks:gold_backpack":1,"minecraft:coarse_dirt":9,"minecraft:crafting_table":1,"minecraft:clay_ball":12,"minecraft:leather_leggings":1,"create_dd:redstone_divider":1,"minecraft:acacia_button":4,"supplementaries:planter":1,"minecraft:red_bed":1,"create:fluid_pipe":3,"create:redstone_link":12,"minecraft:beef":8,"minecraft:spruce_slab":22,"minecraft:poppy":2,"byg:baobab_fruit":1,"supplementaries:rope":1,"minecraft:stone":23,"supplementaries:pedestal":1,"minecraft:spruce_fence":11,"minecraft:carrot":176,"minecraft:redstone":27,"create:vertical_gearbox":9,"minecraft:beetroot_seeds":7,"create:depot":1,"byg:palm_log":5,"minecraft:bone_block":31,"minecraft:mud_bricks":2,"minecraft:red_mushroom":1,"create:brass_block":3,"minecraft:oak_log":93,"create:copper_ladder":3,"create:crushed_raw_iron":22,"minecraft:apple":99,"spacestation:tin_ore":1,"minecraft:oak_fence_gate":1,"minecraft:cobweb":24,"create:cut_deepslate":25,"tombstone:bag_of_seeds":1,"minecraft:gray_bed":2,"quark:redstone_randomizer":1,"minecraft:flowering_azalea":1,"minecraft:iron_sword":1,"minecraft:dark_oak_stairs":2,"minecraft:gravel":5,"biomesoplenty:spider_egg":4,"create:gearbox":1,"quark:cobblestone_bricks":2,"minecraft:oak_wood":1,"minecraft:infested_stone_bricks":19,"quark:cobblestone_vertical_slab":14,"create:rose_quartz":2,"create:portable_storage_interface":2,"onlyhammersandexcavators:stone_hammer":2,"minecraft:redstone_block":5,"minecraft:potion":1,"supplementaries:ash_bricks":2,"minecraft:stone_brick_stairs":12,"minecraft:raw_copper":235,"create:sand_paper":1,"create:mechanical_press":1,"minecraft:comparator":1,"minecraft:redstone_torch":4,"minecraft:cobblestone_slab":111,"minecraft:calcite":3,"minecraft:furnace":11,"minecraft:stick":94,"miners_delight:tentacles":9,"minecraft:torch":122,"supplementaries:bamboo_spikes_tipped":109,"createcafe:cassava_seeds":17,"tombstone:grave_dust":9,"minecraft:diorite":12,"spacestation:raw_silicon":1,"regions_unexplored:barley":12,"create:large_cogwheel":5,"quark:sturdy_stone":7,"minecraft:rotten_flesh":36,"minecraft:music_disc_ward":1,"supplementaries:antique_ink":1,"minecraft:cobblestone":3005,"minecraft:repeater":2,"minecraft:andesite":13,"minecraft:black_bed":5,"minecraft:potato":90,"minecraft:tuff":16,"create:raw_zinc":37,"byg:orchard_sapling":22,"supplementaries:flax_seeds":3,"minecraft:dirt":310,"minecraft:lapis_lazuli":14,"minecraft:name_tag":2,"culturaldelights:glow_squid":4,"minecraft:bone":46,"minecraft:wheat_seeds":43,"minecraft:cobbled_deepslate_slab":3,"minecraft:raw_gold":16,"create_new_age:magnetite_block":1,"minecraft:bamboo":28,"minecraft:oak_planks":10,"minecraft:waxed_exposed_copper":1,"create:radial_chassis":1,"create:cogwheel":16,"quark:dark_oak_ladder":1,"minecraft:jungle_planks":1,"quark:red_blossom_sapling":1,"regions_unexplored:chalk":12,"minecraft:dead_bush":1,"minecraft:diamond_block":2,"minecraft:jungle_slab":1,"minecraft:mossy_cobblestone":22,"minecraft:sugar":1,"minecraft:diamond":7,"minecraft:crossbow":2,"minecraft:emerald":1,"minecraft:golden_apple":1,"minecraft:spruce_sign":15,"supplementaries:copper_lantern":6,"alexsmobs:moose_ribs":3,"minecraft:oak_sapling":2,"creatingspace:raw_nickel":8,"byg:soapstone":240,"byg:palm_crafting_table":12,"minecraft:brown_mushroom":1,"minecraft:wooden_pickaxe":1,"byg:peat":2,"ad_astra:sky_stone":54,"create:mechanical_harvester":1,"minecraft:oak_trapdoor":48,"minecraft:wooden_sword":1,"quark:bonded_leather":1,"supplementaries:cog_block":4,"alexsmobs:elastic_tendon":1,"minecraft:player_head":1,"supplementaries:cage":4,"minecraft:sugar_cane":12,"minecraft:spruce_trapdoor":108,"biomesoplenty:hanging_cobweb":12,"minecraft:raw_iron":186,"minecraft:copper_ingot":2,"create:rose_quartz_block":4,"minecraft:stone_button":3,"quark:blossom_planks_slab":2,"create:hand_crank":3,"minecraft:iron_horse_armor":2,"minecraft:dark_oak_planks":5,"minecraft:arrow":92,"miners_delight:bat_wing":1,"create:waxed_exposed_copper_tiles":3,"minecraft:skeleton_skull":1,"create:oxidized_copper_shingles":2,"minecraft:basalt":40,"minecraft:leather":8,"minecraft:chainmail_chestplate":1,"create:andesite_alloy":10,"minecraft:gunpowder":1,"minecraft:cobblestone_wall":13,"create:item_vault":2,"quark:forgotten_hat":6,"alexsmobs:unsettling_kimono":1,"minecraft:rabbit_hide":8,"minecraft:iron_ingot":95,"byg:jacaranda_log":28,"sophisticatedbackpacks:diamond_backpack":1,"minecraft:oak_slab":3,"create:large_water_wheel":14,"byg:incan_lily":2,"minecraft:stone_brick_slab":9,"quark:glass_item_frame":2,"minecraft:dandelion":1,"minecraft:raw_iron_block":5,"minecraft:spider_eye":5,"minecraft:music_disc_mall":1,"minecraft:iron_helmet":1,"tombstone:magic_scroll":2,"minecraft:coal":334,"create:andesite_ladder":5},"minecraft:broken":{"minecraft:iron_boots":1,"minecraft:iron_sword":1,"quark:forgotten_hat":2,"minecraft:iron_axe":2,"minecraft:iron_pickaxe":2,"onlyhammersandexcavators:iron_hammer":1,"onlyhammersandexcavators:stone_hammer":3,"minecraft:leather_boots":1},"minecraft:killed_by":{"minecraft:zombie_villager":1,"alexsmobs:leafcutter_ant":1,"minecraft:pillager":1,"minecraft:zombie":6,"minecraft:creeper":2,"quark:forgotten":9,"alexsmobs:murmur_head":1,"minecraft:cave_spider":1,"minecraft:witch":2,"minecraft:illusioner":1,"minecraft:player":1,"minecraft:spider":1,"minecraft:skeleton":5},"minecraft:mined":{"minecraft:dark_oak_planks":6,"spacestation:tin_ore":1,"create:andesite_casing":2,"minecraft:jungle_leaves":2,"minecraft:potted_dead_bush":1,"minecraft:jungle_log":13,"minecraft:coal_block":59,"create:item_vault":2,"supplementaries:pedestal":1,"quark:glow_lichen_growth":3,"minecraft:spawner":7,"minecraft:magma_block":3,"minecraft:cobbled_deepslate":36,"minecraft:fire":2,"minecraft:barrel":9,"vs_eureka:anchor":1,"minecraft:deepslate_lapis_ore":2,"quark:azalea_wood":1,"minecraft:cave_vines":2,"quark:sturdy_stone":8,"minecraft:waxed_exposed_copper":1,"minecraft:iron_block":3,"create:mechanical_press":1,"creatingspace:nickel_ore":6,"quark:dark_oak_ladder":1,"minecraft:torch":29,"minecraft:melon":40,"minecraft:spruce_wall_sign":3,"create:rope":1,"minecraft:sugar_cane":4,"minecraft:spruce_sign":1,"byg:soapstone":235,"byg:orchard_leaves":81,"create:portable_storage_interface":2,"sophisticatedbackpacks:diamond_backpack":1,"minecraft:wheat":1,"byg:jacaranda_planks":2,"minecraft:black_bed":5,"minecraft:copper_block":5,"minecraft:stone_brick_stairs":10,"minecraft:grass":42,"delightful:mini_melon":15,"minecraft:oak_fence_gate":1,"byg:flowering_orchard_leaves":2,"minecraft:deepslate":100,"create:zinc_ore":37,"minecraft:mossy_cobblestone":21,"goodending:birch_mushroom":1,"minecraft:dark_oak_log":2,"minecraft:cobbled_deepslate_slab":2,"minecraft:spruce_fence":11,"minecraft:jungle_planks":1,"minecraft:acacia_button":3,"create_new_age:thorium_ore":2,"minecraft:redstone_wire":1,"spacestation:silicon_ore":1,"minecraft:moss_block":1,"minecraft:redstone_ore":4,"create:shaft":1,"supplementaries:bamboo_spikes":139,"minecraft:andesite":10,"minecraft:diamond_block":2,"minecraft:potatoes":5,"minecraft:cobblestone_slab":104,"minecraft:vine":9,"minecraft:bamboo":2,"ad_astra:sky_stone":56,"minecraft:light_gray_carpet":2,"minecraft:oak_slab":3,"minecraft:redstone_block":5,"minecraft:comparator":1,"minecraft:stone_brick_slab":9,"create_new_age:magnetite_block":1,"minecraft:emerald_ore":1,"quark:potted_red_blossom_sapling":1,"minecraft:lightning_rod":2,"create:cut_deepslate":27,"minecraft:tall_grass":7,"minecraft:copper_ore":64,"create:rose_quartz_block":4,"minecraft:diorite":8,"byg:ebony_leaves":14,"create:redstone_link":5,"minecraft:coarse_dirt":9,"minecraft:stripped_spruce_wood":16,"minecraft:cobblestone_wall":13,"create:gearbox":5,"create:mechanical_drill":4,"minecraft:gravel":6,"minecraft:cobweb":57,"minecraft:gold_ore":2,"minecraft:fern":8,"byg:flowering_baobab_leaves":1,"minecraft:spruce_planks":6,"minecraft:jungle_slab":1,"byg:yellow_daffodil":2,"create:copper_ladder":2,"minecraft:spruce_trapdoor":67,"minecraft:cave_vines_plant":2,"minecraft:grass_block":171,"creatingspace:deepslate_nickel_ore":1,"create:andesite_ladder":3,"minecraft:mud_bricks":2,"byg:pink_allium":1,"minecraft:raw_iron_block":5,"minecraft:mossy_cobblestone_slab":15,"minecraft:iron_ore":124,"minecraft:anvil":1,"minecraft:dark_oak_stairs":2,"byg:indigo_jacaranda_leaves":1,"minecraft:flowering_azalea_leaves":1,"minecraft:azalea_leaves":2,"regions_unexplored:chalk":16,"quark:blossom_planks_slab":1,"minecraft:spruce_slab":21,"minecraft:deepslate_redstone_ore":3,"create:radial_chassis":1,"minecraft:clay":3,"quark:cobblestone_bricks":3,"minecraft:calcite":1,"minecraft:poppy":1,"minecraft:cobblestone":352,"minecraft:oak_planks":11,"minecraft:wall_torch":72,"byg:jacaranda_leaves":6,"byg:palm_log":5,"supplementaries:cog_block":4,"delightful:cantaloupe":8,"create:ornate_iron_window_pane":4,"minecraft:oak_log":94,"minecraft:dirt":95,"minecraft:oak_leaves":9,"minecraft:tuff":12,"supplementaries:planter":1,"regions_unexplored:barley":1,"byg:palm_crafting_table":11,"minecraft:glow_lichen":3,"minecraft:lever":7,"minecraft:stone_button":4,"supplementaries:ash_bricks":2,"byg:jacaranda_log":28,"byg:ripe_baobab_leaves":1,"create:depot":1,"minecraft:large_fern":1,"quark:bonded_leather":1,"minecraft:oak_trapdoor":29,"minecraft:furnace":11,"minecraft:carrots":80,"minecraft:polished_basalt":14,"byg:flowering_jacaranda_leaves":1,"minecraft:stripped_spruce_log":1,"minecraft:deepslate_iron_ore":19,"minecraft:shroomlight":2,"regions_unexplored:medium_grass":4,"minecraft:stone":2770,"minecraft:redstone_wall_torch":4,"supplementaries:present_orange":1,"quark:cobblestone_vertical_slab":16,"minecraft:basalt":42,"minecraft:crafting_table":1,"create:waxed_exposed_copper_tiles":3,"minecraft:oak_wood":1,"minecraft:stone_slab":1,"supplementaries:cage":5,"supplementaries:urn":2,"create:mechanical_harvester":1,"minecraft:gray_bed":2,"byg:incan_lily":2,"create_dd:redstone_divider":1,"minecraft:coal_ore":146,"byg:ripe_orchard_leaves":18,"create:brass_block":3,"minecraft:stripped_acacia_wood":7},"minecraft:dropped":{"byg:peat":2,"minecraft:iron_sword":1,"minecraft:lapis_lazuli":15,"minecraft:glass_bottle":4,"minecraft:crossbow":2,"create:cogwheel":5,"minecraft:red_mushroom":1,"sophisticatedbackpacks:gold_backpack":1,"minecraft:dirt":69,"minecraft:stone_button":3,"byg:baobab_fruit":1,"minecraft:wooden_sword":2,"minecraft:bone_block":8,"byg:jacaranda_log":4,"minecraft:sugar":1,"minecraft:iron_pickaxe":1,"minecraft:dark_oak_planks":2,"regions_unexplored:chalk":10,"minecraft:stone_axe":1,"minecraft:iron_nugget":4,"onlyhammersandexcavators:stone_hammer":1,"minecraft:cobbled_deepslate":69,"quark:sturdy_stone":4,"minecraft:rotten_flesh":1,"minecraft:oak_planks":2,"minecraft:light_gray_carpet":2,"quark:cobblestone_vertical_slab":11,"minecraft:acacia_button":1,"createcafe:cassava_seeds":17,"supplementaries:flax_seeds":3,"miners_delight:tentacles":9,"minecraft:leather_leggings":1,"simplevoiceradio:radio_item":2,"minecraft:spruce_slab":15,"minecraft:beef":2,"minecraft:stone_brick_stairs":12,"minecraft:iron_ingot":59,"create:rose_quartz":2,"minecraft:wheat_seeds":13,"supplementaries:bamboo_spikes":37,"minecraft:iron_helmet":3,"minecraft:cobblestone":574,"minecraft:apple":35,"minecraft:chainmail_helmet":1,"minecraft:coal":64,"ad_astra:sky_stone":54,"minecraft:cobweb":18,"byg:orchard_sapling":22,"minecraft:jungle_slab":1,"quark:cobblestone_bricks":2,"regions_unexplored:barley":12,"minecraft:potion":1,"byg:incan_lily":1,"minecraft:acacia_planks":3,"byg:pink_allium":1,"quark:blossom_planks_slab":2,"minecraft:stone_sword":1,"minecraft:cobblestone_wall":13,"quark:azalea_leaf_carpet":1,"minecraft:name_tag":1,"sophisticatedbackpacks:backpack":1,"minecraft:stone_slab":1,"minecraft:cobbled_deepslate_slab":3,"minecraft:spruce_fence":2,"onlyhammersandexcavators:iron_hammer":1,"supplementaries:cage":1,"minecraft:cobblestone_slab":32,"minecraft:stone":23,"create_new_age:magnetite_block":1,"minecraft:flower_pot":2,"quark:dark_oak_ladder":1,"miners_delight:bat_wing":1,"minecraft:spruce_trapdoor":107,"minecraft:spruce_planks":6,"sophisticatedbackpacks:magnet_upgrade":1,"minecraft:barrel":9,"minecraft:stripped_spruce_wood":15,"minecraft:magma_block":3,"minecraft:spruce_sign":14,"minecraft:moss_block":1,"minecraft:brown_mushroom":1,"minecraft:dark_oak_stairs":2,"biomesoplenty:hanging_cobweb":12,"supplementaries:slingshot":1,"minecraft:iron_horse_armor":2,"minecraft:dark_oak_log":2,"sophisticatedbackpacks:stack_upgrade_starter_tier":1,"byg:palm_crafting_table":1,"biomesoplenty:spider_egg":4,"farmersdelight:onion":16,"create:crushed_raw_iron":22,"byg:palm_planks":1,"delightful:cantaloupe_slice":9,"quark:redstone_randomizer":1,"minecraft:infested_stone_bricks":19,"minecraft:carrot":41,"supplementaries:antique_ink":1,"minecraft:chainmail_chestplate":1,"minecraft:poppy":2,"minecraft:rabbit_hide":15,"supplementaries:ash":6,"alexsmobs:elastic_tendon":1,"extradelight:cactus_juice":1,"minecraft:skeleton_skull":1,"minecraft:oak_wood":1,"minecraft:beetroot_seeds":2,"minecraft:melon_seeds":2,"quark:forgotten_hat":3,"culturaldelights:glow_squid":4,"minecraft:basalt":40,"minecraft:arrow":4,"minecraft:quartz":1,"minecraft:written_book":1,"minecraft:stripped_spruce_log":1,"minecraft:oak_slab":4,"quark:red_blossom_sapling":1,"minecraft:mossy_cobblestone":13,"create:copper_ladder":1,"createcafe:coffee_beans":14,"minecraft:lead":1,"spacestation:tin_ore":1,"minecraft:stick":98,"quark:glow_lichen_growth":3,"create:andesite_ladder":5,"minecraft:mossy_cobblestone_slab":15,"minecraft:diorite":12,"tombstone:magic_scroll":2,"minecraft:torch":25,"minecraft:repeater":2,"byg:soapstone":73,"minecraft:melon_slice":95,"tombstone:grave_dust":2,"minecraft:iron_leggings":2,"minecraft:iron_axe":1,"minecraft:polished_basalt":14,"minecraft:dandelion":1,"minecraft:redstone":6,"minecraft:oak_trapdoor":48,"minecraft:coarse_dirt":9,"create:oxidized_copper_shingles":1,"supplementaries:copper_lantern":6,"minecraft:tuff":13,"culturaldelights:eggplant_seeds":1,"create:cut_deepslate":25,"minecraft:comparator":1,"minecraft:stripped_acacia_wood":1,"supplementaries:bamboo_spikes_tipped":65,"minecraft:mud_bricks":2,"minecraft:iron_chestplate":1,"minecraft:andesite":6,"minecraft:infested_stone":24,"create:waxed_exposed_copper_tiles":2,"minecraft:stone_pickaxe":1,"minecraft:wooden_pickaxe":2,"minecraft:calcite":1}},"DataVersion":3120}