{"stats":{"minecraft:custom":{"minecraft:interact_with_crafting_table":37,"minecraft:open_barrel":24,"goblintraders:trade_with_goblin":2,"minecraft:leave_game":3,"minecraft:time_since_death":50696,"minecraft:sprint_one_cm":925811,"minecraft:damage_blocked_by_shield":40,"minecraft:drop":66,"minecraft:play_time":337804,"minecraft:deaths":25,"minecraft:jump":4813,"minecraft:walk_on_water_one_cm":12883,"minecraft:interact_with_furnace":11,"minecraft:sleep_in_bed":10,"minecraft:damage_dealt":18333,"minecraft:crouch_one_cm":55611,"tombstone:undead_killed":57,"minecraft:interact_with_smoker":1,"minecraft:inspect_dispenser":2,"minecraft:horse_one_cm":44045,"minecraft:interact_with_smithing_table":1,"minecraft:mob_kills":116,"minecraft:damage_dealt_resisted":94,"minecraft:climb_one_cm":75265,"minecraft:walk_one_cm":783791,"minecraft:damage_dealt_absorbed":71,"minecraft:sneak_time":17857,"minecraft:walk_under_water_one_cm":11239,"minecraft:total_world_time":337804,"tombstone:raider_killed":1,"minecraft:pot_flower":1,"minecraft:time_since_rest":9871,"minecraft:damage_taken":11890,"minecraft:trigger_trapped_chest":19,"minecraft:swim_one_cm":53686,"minecraft:fly_one_cm":775286,"minecraft:open_chest":102,"minecraft:fall_one_cm":128209},"minecraft:killed_by":{"minecraft:creeper":1,"quark:forgotten":11,"minecraft:cave_spider":2,"minecraft:witch":1,"minecraft:zombie":5,"alexsmobs:komodo_dragon":1,"minecraft:skeleton":2},"minecraft:picked_up":{"minecraft:iron_chestplate":1,"byg:flowering_jacaranda_bush":1,"minecraft:wheat":14,"minecraft:creeper_head":1,"minecraft:lead":1,"create:wrench":1,"minecraft:potion":1,"minecraft:stone_brick_stairs":59,"minecraft:infested_stone":24,"sophisticatedbackpacks:magnet_upgrade":1,"minecraft:string":57,"minecraft:raw_copper":27,"minecraft:iron_leggings":1,"minecraft:experience_bottle":1,"minecraft:zombie_head":1,"minecraft:cobbled_deepslate":16,"minecraft:spruce_planks":4,"createindustry:raw_lead":1,"minecraft:written_book":1,"minecraft:cobblestone_slab":30,"minecraft:calcite":7,"minecraft:iron_pickaxe":1,"minecraft:enchanted_golden_apple":1,"minecraft:melon_slice":108,"minecraft:spruce_pressure_plate":23,"minecraft:stick":1,"miners_delight:silverfish_eggs":3,"minecraft:spruce_stairs":2,"minecraft:torch":27,"create:andesite_casing":11,"supplementaries:bamboo_spikes_tipped":17,"createcafe:cassava_seeds":9,"minecraft:lightning_rod":1,"tombstone:grave_dust":1,"minecraft:diorite":11,"regions_unexplored:barley":27,"create:large_cogwheel":11,"quark:polished_andesite_vertical_slab":1,"minecraft:stone_sword":3,"quark:sturdy_stone":48,"minecraft:rotten_flesh":24,"createcafe:coffee_beans":8,"farmersdelight:onion":16,"onlyhammersandexcavators:iron_hammer":1,"supplementaries:antique_ink":1,"supplementaries:ash":11,"minecraft:cobblestone":1507,"minecraft:mossy_cobblestone_slab":11,"minecraft:andesite":12,"minecraft:jungle_log":3,"minecraft:flint":1,"minecraft:stripped_spruce_wood":34,"minecraft:tuff":19,"delightful:cantaloupe":2,"create:raw_zinc":4,"quark:blossom_button":3,"supplementaries:slingshot":1,"minecraft:lapis_lazuli":14,"minecraft:dirt":45,"minecraft:name_tag":2,"minecraft:bone":35,"supplementaries:present_orange":1,"minecraft:bow":1,"gobber2:gobber2_gooey_beef":1,"minecraft:wheat_seeds":35,"minecraft:raw_gold":6,"create:mechanical_drill":24,"create_new_age:magnetite_block":2,"create:brown_toolbox":1,"create:shaft":3,"minecraft:bamboo":4,"minecraft:moss_block":1,"minecraft:oak_planks":14,"gobber2:gobber2_gooey_bread":2,"quark:azalea_wood":6,"create:cogwheel":26,"create:cuckoo_clock":1,"byg:jacaranda_planks":1,"minecraft:sand":1,"createindustry:raw_lithium":7,"quark:glow_lichen_growth":1,"regions_unexplored:chalk":1,"minecraft:cyan_bed":1,"minecraft:barrel":14,"minecraft:mossy_cobblestone":1,"minecraft:bundle":2,"supplementaries:bamboo_spikes":36,"minecraft:diamond":4,"minecraft:crossbow":1,"supplementaries:copper_lantern":4,"minecraft:spruce_sign":2,"minecraft:emerald":5,"minecraft:bread":26,"gobber2:gobber2_goo":1,"minecraft:diamond_pickaxe":1,"creatingspace:raw_nickel":6,"minecraft:coarse_dirt":1,"byg:soapstone":50,"create_new_age:thorium":16,"byg:palm_crafting_table":3,"minecraft:splash_potion":2,"minecraft:leather_leggings":1,"minecraft:wooden_pickaxe":1,"minecraft:chain":5,"minecraft:oak_trapdoor":18,"minecraft:red_bed":1,"create:fluid_pipe":14,"minecraft:iron_axe":1,"minecraft:wooden_sword":1,"supplementaries:bomb":1,"minecraft:beef":4,"minecraft:iron_nugget":4,"minecraft:spruce_slab":48,"supplementaries:cage":1,"delightful:cantaloupe_slice":10,"minecraft:piston":3,"minecraft:spruce_trapdoor":67,"minecraft:raw_iron":17,"create:crushed_raw_zinc":4,"extradelight:cinnamon_sapling":1,"sophisticatedbackpacks:backpack":1,"minecraft:spruce_fence":1,"byg:blue_sandstone":5,"minecraft:stone_button":2,"create:hand_crank":6,"supplementaries:key":1,"minecraft:redstone":37,"minecraft:iron_horse_armor":2,"create:zinc_ingot":1,"minecraft:arrow":99,"minecraft:hay_block":1,"minecraft:saddle":2,"miners_delight:bat_wing":1,"minecraft:glow_berries":1,"minecraft:mutton":14,"create:waxed_exposed_copper_tiles":10,"minecraft:white_wool":12,"minecraft:bone_block":33,"create:oxidized_copper_shingles":3,"byg:jacaranda_sapling":1,"create:crushed_raw_gold":9,"minecraft:tripwire_hook":10,"minecraft:leather":1,"byg:purple_sandstone":1,"minecraft:oak_log":20,"create:andesite_alloy":10,"minecraft:gunpowder":2,"minecraft:cobblestone_wall":14,"create:copper_nugget":20,"quark:forgotten_hat":4,"create:copper_ladder":9,"create:crushed_raw_iron":5,"minecraft:apple":1,"spacestation:tin_ore":1,"create:metal_girder":3,"minecraft:rabbit_hide":7,"supplementaries:bellows":1,"minecraft:iron_ingot":58,"minecraft:cobweb":21,"farmersdelight:cyan_canvas_sign":2,"byg:jacaranda_log":9,"minecraft:gray_bed":2,"minecraft:iron_sword":1,"quark:stick_block":5,"minecraft:pumpkin":8,"quark:grate":1,"minecraft:gravel":3,"minecraft:white_bed":2,"byg:palm_planks":1,"quark:abacus":1,"minecraft:spider_eye":3,"create:gearbox":1,"supplementaries:clock_block":1,"minecraft:infested_stone_bricks":19,"minecraft:oak_wood":5,"minecraft:pumpkin_seeds":6,"quark:cobblestone_vertical_slab":10,"create:crushed_raw_copper":15,"minecraft:iron_helmet":1,"create:encased_fan":10,"create:rose_quartz":1,"onlyhammersandexcavators:stone_hammer":1,"tombstone:magic_scroll":1,"minecraft:black_wool":1,"minecraft:coal":43,"create:andesite_ladder":101},"minecraft:dropped":{"minecraft:diamond":6,"create:cogwheel":7,"minecraft:stone_button":2,"minecraft:wooden_sword":1,"farmersdelight:onion":16,"create:large_cogwheel":4,"minecraft:white_wool":3,"delightful:cantaloupe_slice":1,"minecraft:iron_nugget":8,"onlyhammersandexcavators:stone_hammer":1,"minecraft:rotten_flesh":2,"quark:sturdy_stone":1,"minecraft:oak_planks":5,"minecraft:carrot":4,"supplementaries:antique_ink":1,"createcafe:cassava_seeds":5,"supplementaries:flax_seeds":19,"minecraft:beetroot_seeds":6,"simplevoiceradio:radio_item":1,"minecraft:beef":4,"minecraft:iron_ingot":58,"minecraft:wheat_seeds":32,"supplementaries:bamboo_spikes":37,"minecraft:cobblestone":4,"minecraft:coal":10,"minecraft:stick":1,"minecraft:cobweb":14,"minecraft:stone_sword":2,"minecraft:raw_iron":12,"supplementaries:bamboo_spikes_tipped":18,"create:hand_crank":3,"minecraft:wooden_pickaxe":1},"minecraft:broken":{"minecraft:iron_boots":1,"minecraft:iron_chestplate":1,"minecraft:iron_leggings":1,"quark:forgotten_hat":1,"minecraft:stone_sword":1,"minecraft:iron_axe":1,"minecraft:leather_boots":1,"minecraft:iron_helmet":2},"minecraft:crafted":{"delightful:cantaloupe_slice":6,"minecraft:oak_planks":100,"minecraft:cooked_mutton":14,"onlyhammersandexcavators:stone_hammer":1,"minecraft:emerald":2,"minecraft:crafting_table":2,"minecraft:wooden_pickaxe":1,"minecraft:stick":93,"quark:oak_chest":8,"minecraft:iron_pickaxe":1,"minecraft:stone_sword":1,"minecraft:redstone_torch":2,"byg:jacaranda_planks":36,"minecraft:iron_nugget":18,"simplevoiceradio:radio_item":2,"minecraft:furnace":3,"sophisticatedbackpacks:iron_backpack":1,"minecraft:cooked_beef":4,"sophisticatedbackpacks:gold_backpack":2,"minecraft:bread":10,"minecraft:air":0,"minecraft:jungle_planks":12,"minecraft:white_bed":2,"minecraft:torch":96},"minecraft:mined":{"minecraft:spruce_planks":2,"minecraft:white_bed":2,"create:andesite_casing":11,"minecraft:jungle_leaves":7,"create:copper_ladder":6,"minecraft:spruce_trapdoor":70,"minecraft:grass_block":5,"byg:purple_sandstone":1,"gobber2:gobber2_lucky_block":4,"minecraft:jungle_log":2,"create:andesite_ladder":106,"quark:glow_lichen_growth":1,"minecraft:spawner":7,"quark:blossom_button":3,"minecraft:mossy_cobblestone_slab":6,"minecraft:iron_ore":11,"minecraft:barrel":14,"minecraft:cobbled_deepslate":1,"quark:stick_block":5,"minecraft:pumpkin":8,"quark:azalea_wood":6,"quark:sturdy_stone":48,"byg:indigo_jacaranda_leaves":6,"minecraft:cave_vines":1,"minecraft:spruce_pressure_plate":23,"minecraft:spruce_slab":45,"minecraft:tripwire":5,"minecraft:deepslate_redstone_ore":3,"create:cogwheel":15,"creatingspace:nickel_ore":7,"minecraft:red_bed":2,"minecraft:torch":10,"minecraft:calcite":7,"minecraft:melon":3,"minecraft:spruce_wall_sign":1,"minecraft:cobblestone":158,"minecraft:cyan_bed":1,"byg:blue_sandstone":5,"minecraft:oak_planks":9,"minecraft:wall_torch":8,"create:cuckoo_clock":1,"minecraft:deepslate_copper_ore":2,"byg:jacaranda_leaves":13,"byg:soapstone":37,"farmersdelight:sandy_shrub":1,"delightful:cantaloupe":1,"byg:jacaranda_planks":2,"minecraft:stone_brick_stairs":67,"minecraft:grass":26,"minecraft:oak_log":20,"createindustry:deepslate_lithium_ore":8,"minecraft:sand":1,"minecraft:dirt":40,"minecraft:piston":3,"minecraft:deepslate":26,"supplementaries:clock_block":1,"create:zinc_ore":4,"minecraft:tuff":22,"quark:grate":1,"minecraft:mossy_cobblestone":2,"minecraft:deepslate_diamond_ore":2,"regions_unexplored:barley":44,"byg:palm_crafting_table":3,"minecraft:glow_lichen":1,"minecraft:ladder":2,"biomesoplenty:bush":1,"minecraft:stone_button":2,"minecraft:spruce_fence":1,"create:large_cogwheel":17,"byg:jacaranda_log":9,"create_new_age:thorium_ore":2,"create:encased_fan":11,"minecraft:moss_block":1,"minecraft:hay_block":1,"minecraft:redstone_ore":3,"minecraft:oak_trapdoor":18,"supplementaries:bamboo_spikes":67,"minecraft:andesite":11,"byg:flowering_jacaranda_leaves":2,"supplementaries:bellows":1,"createindustry:lead_ore":1,"minecraft:deepslate_iron_ore":2,"minecraft:cobblestone_slab":32,"minecraft:vine":5,"regions_unexplored:medium_grass":4,"minecraft:bamboo":2,"minecraft:stone":1379,"goodending:balmy_wildflowers":1,"minecraft:podzol":1,"regions_unexplored:chalk_grass_block":1,"extradelight:cinnamon_leaves":1,"minecraft:infested_stone_bricks":10,"supplementaries:present_orange":1,"quark:cobblestone_vertical_slab":10,"create_new_age:magnetite_block":2,"create:metal_girder":3,"create:fluid_pipe":7,"create:waxed_exposed_copper_tiles":10,"minecraft:emerald_ore":5,"minecraft:oak_wood":5,"create:oxidized_copper_shingles":4,"create:cut_deepslate":2,"minecraft:tall_grass":14,"minecraft:copper_ore":8,"minecraft:diorite":12,"supplementaries:urn":2,"minecraft:spruce_stairs":2,"minecraft:coarse_dirt":1,"minecraft:cobblestone_wall":14,"minecraft:stripped_spruce_wood":35,"create:gearbox":1,"minecraft:gray_bed":2,"byg:leaf_pile":1,"create:mechanical_drill":25,"minecraft:coal_ore":19,"minecraft:gravel":4,"byg:peat":2,"minecraft:cobweb":31},"minecraft:killed":{"minecraft:cave_spider":9,"minecraft:witch":1,"minecraft:spider":10,"quark:forgotten":5,"minecraft:skeleton":9,"alexsmobs:leafcutter_ant":3,"minecraft:silverfish":18,"minecraft:wolf":1,"minecraft:creeper":1,"minecraft:sheep":10,"minecraft:zombie":43,"minecraft:cow":2},"minecraft:used":{"minecraft:moss_block":1,"minecraft:spruce_slab":16,"minecraft:shield":1,"minecraft:iron_sword":208,"byg:palm_crafting_table":3,"create:cogwheel":1,"farmersdelight:cyan_canvas_sign":1,"create_new_age:magnetite_block":1,"minecraft:mossy_cobblestone_slab":11,"onlyhammersandexcavators:stone_hammer":410,"minecraft:written_book":1,"minecraft:furnace":3,"minecraft:gray_bed":2,"minecraft:stripped_spruce_wood":7,"minecraft:stone_pickaxe":414,"minecraft:oak_planks":4,"minecraft:wooden_pickaxe":4,"quark:azalea_wood":5,"minecraft:bread":45,"minecraft:melon_slice":108,"minecraft:cyan_bed":1,"minecraft:string":6,"minecraft:wooden_sword":41,"byg:jacaranda_planks":36,"create:large_cogwheel":2,"minecraft:oak_trapdoor":2,"minecraft:stone_sword":187,"minecraft:spruce_planks":2,"minecraft:torch":77,"minecraft:dirt":32,"minecraft:spruce_stairs":2,"minecraft:spruce_fence":1,"create:wrench":82,"minecraft:iron_axe":436,"minecraft:barrel":6,"tombstone:gift":7,"onlyhammersandexcavators:iron_hammer":772,"minecraft:cooked_beef":4,"minecraft:cooked_mutton":7,"minecraft:baked_potato":11,"minecraft:mossy_cobblestone":1,"minecraft:crafting_table":2,"minecraft:red_bed":1,"minecraft:white_bed":4,"minecraft:infested_stone_bricks":19,"minecraft:apple":4,"create:andesite_ladder":38,"minecraft:iron_pickaxe":693,"minecraft:spruce_pressure_plate":2,"minecraft:spruce_trapdoor":24,"delightful:cantaloupe_slice":15,"create:copper_ladder":1,"minecraft:cobblestone":1075,"quark:oak_chest":8,"alexsmobs:animal_dictionary":1,"create:hand_crank":1}},"DataVersion":3120}