{"stats":{"minecraft:custom":{"minecraft:mob_kills":92,"minecraft:interact_with_crafting_table":32,"minecraft:open_barrel":18,"goblintraders:trade_with_goblin":2,"minecraft:leave_game":3,"minecraft:time_since_death":13937,"minecraft:climb_one_cm":27256,"minecraft:sprint_one_cm":638003,"minecraft:walk_one_cm":485497,"minecraft:damage_blocked_by_shield":40,"minecraft:drop":59,"minecraft:play_time":241804,"minecraft:deaths":24,"minecraft:sneak_time":9799,"minecraft:walk_under_water_one_cm":11039,"minecraft:jump":3899,"minecraft:walk_on_water_one_cm":10678,"minecraft:total_world_time":241804,"minecraft:interact_with_furnace":4,"tombstone:raider_killed":1,"minecraft:pot_flower":1,"minecraft:sleep_in_bed":8,"minecraft:time_since_rest":13797,"minecraft:damage_taken":10549,"minecraft:trigger_trapped_chest":19,"minecraft:damage_dealt":15896,"minecraft:swim_one_cm":53424,"minecraft:fly_one_cm":606620,"minecraft:open_chest":37,"minecraft:crouch_one_cm":31578,"tombstone:undead_killed":51,"minecraft:interact_with_smoker":1,"minecraft:inspect_dispenser":2,"minecraft:fall_one_cm":108211,"minecraft:interact_with_smithing_table":1,"minecraft:horse_one_cm":44045},"minecraft:killed_by":{"minecraft:creeper":1,"quark:forgotten":11,"minecraft:cave_spider":2,"minecraft:skeleton":2,"minecraft:witch":1,"minecraft:zombie":5,"alexsmobs:komodo_dragon":1},"minecraft:picked_up":{"minecraft:iron_chestplate":1,"minecraft:wheat":14,"creatingspace:raw_nickel":5,"create_new_age:thorium":16,"minecraft:coarse_dirt":1,"byg:flowering_jacaranda_bush":1,"byg:soapstone":9,"byg:palm_crafting_table":3,"minecraft:creeper_head":1,"minecraft:lead":1,"minecraft:wooden_pickaxe":1,"minecraft:stone_brick_stairs":1,"minecraft:infested_stone":24,"sophisticatedbackpacks:magnet_upgrade":1,"minecraft:raw_copper":7,"minecraft:string":57,"minecraft:red_bed":1,"minecraft:wooden_sword":1,"minecraft:iron_leggings":1,"minecraft:zombie_head":1,"minecraft:experience_bottle":1,"minecraft:cobbled_deepslate":16,"minecraft:spruce_planks":2,"minecraft:beef":4,"minecraft:spruce_slab":2,"minecraft:written_book":1,"minecraft:calcite":7,"minecraft:iron_pickaxe":1,"minecraft:iron_nugget":4,"minecraft:enchanted_golden_apple":1,"delightful:cantaloupe_slice":10,"supplementaries:cage":1,"minecraft:melon_slice":108,"minecraft:spruce_trapdoor":1,"minecraft:piston":3,"minecraft:spruce_pressure_plate":12,"minecraft:stick":1,"minecraft:raw_iron":17,"supplementaries:bamboo_spikes_tipped":17,"create:andesite_casing":1,"minecraft:torch":10,"extradelight:cinnamon_sapling":1,"minecraft:spruce_fence":1,"sophisticatedbackpacks:backpack":1,"createcafe:cassava_seeds":9,"minecraft:lightning_rod":1,"byg:blue_sandstone":5,"create:hand_crank":2,"minecraft:diorite":11,"supplementaries:key":1,"minecraft:redstone":33,"minecraft:iron_horse_armor":2,"quark:sturdy_stone":1,"regions_unexplored:barley":27,"create:large_cogwheel":2,"quark:polished_andesite_vertical_slab":1,"minecraft:stone_sword":3,"minecraft:rotten_flesh":22,"minecraft:arrow":92,"createcafe:coffee_beans":8,"farmersdelight:onion":16,"onlyhammersandexcavators:iron_hammer":1,"supplementaries:antique_ink":1,"minecraft:hay_block":1,"minecraft:saddle":2,"miners_delight:bat_wing":1,"supplementaries:ash":11,"minecraft:mutton":14,"minecraft:bone_block":33,"minecraft:white_wool":12,"minecraft:cobblestone":636,"byg:jacaranda_sapling":1,"minecraft:jungle_log":3,"minecraft:andesite":12,"minecraft:leather":1,"byg:purple_sandstone":1,"delightful:cantaloupe":2,"minecraft:tuff":19,"create:raw_zinc":4,"minecraft:oak_log":20,"minecraft:gunpowder":2,"minecraft:lapis_lazuli":14,"minecraft:dirt":40,"quark:forgotten_hat":4,"minecraft:name_tag":2,"minecraft:bone":32,"minecraft:apple":1,"supplementaries:present_orange":1,"create:mechanical_drill":24,"gobber2:gobber2_gooey_beef":1,"minecraft:wheat_seeds":35,"minecraft:raw_gold":6,"create_new_age:magnetite_block":2,"supplementaries:bellows":1,"minecraft:rabbit_hide":7,"minecraft:iron_ingot":58,"minecraft:cobweb":21,"farmersdelight:cyan_canvas_sign":2,"minecraft:iron_sword":1,"minecraft:bamboo":4,"minecraft:gray_bed":2,"byg:jacaranda_log":9,"minecraft:oak_planks":5,"gobber2:gobber2_gooey_bread":2,"minecraft:pumpkin":8,"create:cogwheel":1,"create:cuckoo_clock":1,"byg:jacaranda_planks":1,"minecraft:sand":1,"createindustry:raw_lithium":7,"minecraft:white_bed":2,"regions_unexplored:chalk":1,"minecraft:cyan_bed":1,"byg:palm_planks":1,"create:gearbox":1,"minecraft:spider_eye":3,"supplementaries:clock_block":1,"minecraft:infested_stone_bricks":19,"minecraft:bundle":2,"minecraft:oak_wood":5,"minecraft:pumpkin_seeds":6,"supplementaries:bamboo_spikes":36,"quark:cobblestone_vertical_slab":2,"minecraft:diamond":2,"create:encased_fan":10,"minecraft:iron_helmet":1,"minecraft:bread":26,"minecraft:emerald":5,"onlyhammersandexcavators:stone_hammer":1,"minecraft:diamond_pickaxe":1,"tombstone:magic_scroll":1,"minecraft:black_wool":1,"minecraft:coal":40,"gobber2:gobber2_goo":1},"minecraft:dropped":{"minecraft:iron_ingot":58,"minecraft:wheat_seeds":32,"supplementaries:bamboo_spikes":37,"minecraft:diamond":6,"minecraft:coal":10,"minecraft:stick":1,"minecraft:cobweb":14,"farmersdelight:onion":16,"minecraft:wooden_sword":1,"minecraft:white_wool":3,"delightful:cantaloupe_slice":1,"minecraft:iron_nugget":8,"minecraft:stone_sword":2,"onlyhammersandexcavators:stone_hammer":1,"minecraft:raw_iron":12,"quark:sturdy_stone":1,"minecraft:rotten_flesh":2,"minecraft:oak_planks":5,"supplementaries:bamboo_spikes_tipped":18,"minecraft:carrot":4,"supplementaries:antique_ink":1,"createcafe:cassava_seeds":5,"supplementaries:flax_seeds":19,"minecraft:beetroot_seeds":6,"simplevoiceradio:radio_item":1,"minecraft:beef":4,"minecraft:wooden_pickaxe":1},"minecraft:broken":{"minecraft:stone_sword":1,"minecraft:iron_boots":1,"minecraft:iron_leggings":1,"minecraft:iron_axe":1,"minecraft:leather_boots":1,"minecraft:iron_helmet":2},"minecraft:crafted":{"byg:jacaranda_planks":36,"delightful:cantaloupe_slice":6,"minecraft:oak_planks":64,"minecraft:iron_nugget":18,"simplevoiceradio:radio_item":2,"onlyhammersandexcavators:stone_hammer":1,"sophisticatedbackpacks:iron_backpack":1,"minecraft:cooked_beef":4,"minecraft:emerald":2,"minecraft:crafting_table":2,"minecraft:wooden_pickaxe":1,"sophisticatedbackpacks:gold_backpack":2,"minecraft:air":0,"minecraft:jungle_planks":12,"quark:oak_chest":3,"minecraft:stick":48,"minecraft:iron_pickaxe":1,"minecraft:stone_sword":1,"minecraft:white_bed":2,"minecraft:redstone_torch":2,"minecraft:torch":96},"minecraft:mined":{"create:zinc_ore":4,"minecraft:tuff":22,"minecraft:white_bed":2,"regions_unexplored:barley":44,"minecraft:deepslate_diamond_ore":2,"byg:palm_crafting_table":3,"create:andesite_casing":1,"minecraft:jungle_leaves":7,"minecraft:glow_lichen":1,"minecraft:ladder":2,"biomesoplenty:bush":1,"create:large_cogwheel":2,"minecraft:spruce_fence":1,"minecraft:grass_block":5,"byg:jacaranda_log":9,"byg:purple_sandstone":1,"gobber2:gobber2_lucky_block":4,"minecraft:jungle_log":2,"create_new_age:thorium_ore":2,"create:encased_fan":11,"minecraft:spawner":7,"minecraft:hay_block":1,"minecraft:redstone_ore":3,"minecraft:iron_ore":11,"minecraft:cobbled_deepslate":1,"supplementaries:bamboo_spikes":67,"minecraft:andesite":11,"byg:flowering_jacaranda_leaves":2,"minecraft:pumpkin":8,"supplementaries:bellows":1,"minecraft:cave_vines":1,"byg:indigo_jacaranda_leaves":6,"minecraft:deepslate_iron_ore":2,"minecraft:vine":5,"minecraft:spruce_pressure_plate":12,"regions_unexplored:medium_grass":4,"minecraft:bamboo":2,"goodending:balmy_wildflowers":1,"minecraft:stone":611,"minecraft:tripwire":5,"minecraft:podzol":1,"regions_unexplored:chalk_grass_block":1,"create:cogwheel":1,"minecraft:deepslate_redstone_ore":3,"extradelight:cinnamon_leaves":1,"creatingspace:nickel_ore":6,"minecraft:red_bed":2,"supplementaries:present_orange":1,"quark:cobblestone_vertical_slab":2,"create_new_age:magnetite_block":2,"minecraft:torch":3,"minecraft:emerald_ore":5,"minecraft:oak_wood":5,"minecraft:calcite":7,"minecraft:melon":3,"create:cut_deepslate":2,"create:oxidized_copper_shingles":1,"minecraft:copper_ore":1,"minecraft:tall_grass":14,"minecraft:cobblestone":27,"minecraft:cyan_bed":1,"byg:blue_sandstone":5,"minecraft:diorite":12,"create:cuckoo_clock":1,"minecraft:wall_torch":1,"minecraft:deepslate_copper_ore":2,"supplementaries:urn":2,"byg:soapstone":32,"byg:jacaranda_leaves":13,"farmersdelight:sandy_shrub":1,"minecraft:coarse_dirt":1,"minecraft:stripped_spruce_wood":1,"minecraft:cobblestone_wall":1,"create:gearbox":1,"delightful:cantaloupe":1,"minecraft:gray_bed":2,"byg:jacaranda_planks":2,"byg:leaf_pile":1,"minecraft:stone_brick_stairs":3,"create:mechanical_drill":25,"minecraft:grass":26,"minecraft:oak_log":20,"minecraft:coal_ore":19,"createindustry:deepslate_lithium_ore":8,"minecraft:sand":1,"minecraft:dirt":35,"byg:peat":2,"minecraft:cobweb":30,"minecraft:piston":3,"supplementaries:clock_block":1,"minecraft:deepslate":26},"minecraft:killed":{"minecraft:cave_spider":9,"minecraft:witch":1,"minecraft:spider":9,"quark:forgotten":5,"minecraft:skeleton":7,"alexsmobs:leafcutter_ant":3,"minecraft:wolf":1,"minecraft:creeper":1,"minecraft:sheep":10,"minecraft:zombie":39,"minecraft:cow":2},"minecraft:used":{"minecraft:stone_sword":187,"minecraft:shield":1,"minecraft:iron_sword":156,"byg:palm_crafting_table":3,"minecraft:torch":20,"minecraft:dirt":32,"create:cogwheel":1,"minecraft:spruce_fence":1,"farmersdelight:cyan_canvas_sign":1,"minecraft:iron_axe":215,"create_new_age:magnetite_block":1,"onlyhammersandexcavators:stone_hammer":410,"minecraft:written_book":1,"minecraft:gray_bed":2,"tombstone:gift":7,"onlyhammersandexcavators:iron_hammer":309,"minecraft:cooked_beef":4,"minecraft:baked_potato":11,"minecraft:oak_planks":4,"minecraft:wooden_pickaxe":4,"minecraft:crafting_table":2,"minecraft:red_bed":1,"minecraft:white_bed":4,"minecraft:infested_stone_bricks":19,"minecraft:cyan_bed":1,"minecraft:melon_slice":103,"minecraft:bread":32,"minecraft:string":6,"minecraft:iron_pickaxe":250,"delightful:cantaloupe_slice":15,"minecraft:wooden_sword":41,"minecraft:cobblestone":341,"quark:oak_chest":3,"create:hand_crank":1,"alexsmobs:animal_dictionary":1,"create:large_cogwheel":2,"byg:jacaranda_planks":36}},"DataVersion":3120}