{"stats":{"minecraft:killed":{"minecraft:skeleton":1,"minecraft:zombie":7,"alexsmobs:leafcutter_ant":3,"minecraft:cow":2},"minecraft:custom":{"minecraft:mob_kills":13,"minecraft:interact_with_crafting_table":11,"minecraft:open_barrel":3,"minecraft:leave_game":2,"minecraft:time_since_death":59546,"minecraft:sleep_in_bed":1,"minecraft:climb_one_cm":2659,"minecraft:time_since_rest":11055,"minecraft:sprint_one_cm":147061,"minecraft:walk_one_cm":73122,"minecraft:damage_taken":716,"minecraft:trigger_trapped_chest":4,"minecraft:drop":3,"minecraft:damage_dealt":2206,"minecraft:fly_one_cm":111945,"minecraft:open_chest":9,"minecraft:crouch_one_cm":3372,"minecraft:play_time":59546,"tombstone:undead_killed":8,"minecraft:sneak_time":1376,"minecraft:jump":494,"minecraft:total_world_time":59546,"minecraft:fall_one_cm":12036},"minecraft:used":{"minecraft:stone_sword":23,"minecraft:wooden_pickaxe":4,"minecraft:dirt":32,"minecraft:crafting_table":2,"minecraft:red_bed":1,"minecraft:bread":6,"delightful:cantaloupe_slice":12,"onlyhammersandexcavators:stone_hammer":208,"minecraft:wooden_sword":41,"minecraft:cobblestone":11,"alexsmobs:animal_dictionary":1},"minecraft:dropped":{"delightful:cantaloupe_slice":1,"minecraft:wooden_sword":1,"minecraft:wooden_pickaxe":1},"minecraft:crafted":{"delightful:cantaloupe_slice":6,"minecraft:oak_planks":20,"minecraft:crafting_table":2,"minecraft:wooden_pickaxe":1,"minecraft:jungle_planks":12,"minecraft:stick":12,"minecraft:stone_sword":1,"onlyhammersandexcavators:stone_hammer":1},"minecraft:picked_up":{"minecraft:coarse_dirt":1,"create_new_age:thorium":16,"minecraft:jungle_log":3,"minecraft:andesite":12,"minecraft:leather":1,"minecraft:wooden_pickaxe":1,"delightful:cantaloupe":2,"minecraft:tuff":19,"minecraft:dirt":40,"minecraft:red_bed":1,"minecraft:wooden_sword":1,"minecraft:bone":2,"minecraft:wheat_seeds":1,"minecraft:beef":4,"minecraft:calcite":7,"delightful:cantaloupe_slice":10,"supplementaries:cage":1,"extradelight:cinnamon_sapling":1,"sophisticatedbackpacks:backpack":1,"minecraft:sand":1,"minecraft:diorite":11,"minecraft:oak_wood":5,"minecraft:arrow":2,"minecraft:rotten_flesh":1,"createcafe:coffee_beans":1,"minecraft:coal":10,"minecraft:cobblestone":141},"minecraft:mined":{"minecraft:podzol":1,"extradelight:cinnamon_leaves":1,"minecraft:tuff":22,"minecraft:red_bed":2,"minecraft:oak_wood":5,"minecraft:grass_block":4,"minecraft:calcite":7,"minecraft:jungle_log":2,"create_new_age:thorium_ore":2,"minecraft:diorite":12,"farmersdelight:sandy_shrub":1,"minecraft:coarse_dirt":1,"delightful:cantaloupe":1,"byg:leaf_pile":1,"minecraft:andesite":11,"minecraft:grass":4,"minecraft:vine":3,"minecraft:sand":1,"minecraft:dirt":34,"byg:peat":2,"minecraft:stone":133}},"DataVersion":3120}