{"stats":{"minecraft:killed":{"minecraft:zombie":1},"minecraft:used":{"minecraft:wooden_sword":8,"minecraft:dirt":6,"minecraft:cobblestone":3,"minecraft:bread":3,"alexsmobs:animal_dictionary":1},"minecraft:custom":{"minecraft:time_since_rest":27714,"minecraft:crouch_one_cm":252,"minecraft:sprint_one_cm":14652,"minecraft:play_time":27714,"minecraft:damage_taken":215,"tombstone:undead_killed":1,"minecraft:walk_one_cm":17484,"minecraft:sneak_time":142,"minecraft:mob_kills":1,"minecraft:jump":39,"minecraft:damage_dealt":250,"minecraft:leave_game":1,"minecraft:time_since_death":27714,"minecraft:climb_one_cm":530,"minecraft:total_world_time":27714,"minecraft:fall_one_cm":2994,"minecraft:fly_one_cm":3537},"minecraft:mined":{"minecraft:grass":1,"minecraft:grass_block":2,"minecraft:dirt":24},"minecraft:picked_up":{"minecraft:dirt":27,"minecraft:cobblestone":3}},"DataVersion":3120}