{"stats":{"minecraft:picked_up":{"minecraft:dirt":27,"minecraft:cobblestone":3},"minecraft:killed":{"minecraft:zombie":1},"minecraft:mined":{"minecraft:grass":1,"minecraft:grass_block":2,"minecraft:dirt":24},"minecraft:custom":{"minecraft:time_since_rest":29915,"minecraft:crouch_one_cm":252,"minecraft:sprint_one_cm":14838,"minecraft:play_time":29915,"tombstone:undead_killed":1,"minecraft:damage_taken":215,"minecraft:walk_one_cm":18318,"minecraft:sneak_time":142,"minecraft:mob_kills":1,"minecraft:jump":44,"minecraft:damage_dealt":250,"minecraft:leave_game":2,"minecraft:time_since_death":29915,"minecraft:climb_one_cm":530,"minecraft:total_world_time":29915,"minecraft:fall_one_cm":2994,"minecraft:fly_one_cm":3537},"minecraft:used":{"minecraft:wooden_sword":8,"minecraft:dirt":12,"minecraft:cobblestone":3,"minecraft:bread":3,"alexsmobs:animal_dictionary":1}},"DataVersion":3120}