{"stats":{"minecraft:custom":{"minecraft:interact_with_furnace":1,"minecraft:mob_kills":18,"minecraft:interact_with_crafting_table":19,"minecraft:open_barrel":3,"goblintraders:trade_with_goblin":2,"minecraft:leave_game":2,"minecraft:time_since_death":620,"minecraft:sleep_in_bed":2,"minecraft:climb_one_cm":4947,"minecraft:time_since_rest":1,"minecraft:damage_taken":1793,"minecraft:sprint_one_cm":240804,"minecraft:walk_one_cm":141592,"minecraft:trigger_trapped_chest":10,"minecraft:drop":9,"minecraft:damage_dealt":3495,"minecraft:swim_one_cm":44978,"minecraft:fly_one_cm":179260,"minecraft:open_chest":11,"minecraft:play_time":94322,"minecraft:crouch_one_cm":12637,"minecraft:sneak_time":4373,"tombstone:undead_killed":8,"minecraft:deaths":3,"minecraft:walk_under_water_one_cm":10006,"minecraft:jump":1190,"minecraft:walk_on_water_one_cm":8963,"minecraft:total_world_time":94322,"minecraft:fall_one_cm":24443},"minecraft:killed_by":{"minecraft:cave_spider":2,"minecraft:zombie":1},"minecraft:picked_up":{"creatingspace:raw_nickel":5,"minecraft:coarse_dirt":1,"create_new_age:thorium":16,"byg:soapstone":3,"byg:palm_crafting_table":1,"minecraft:andesite":12,"minecraft:jungle_log":3,"minecraft:leather":1,"minecraft:wooden_pickaxe":1,"delightful:cantaloupe":2,"minecraft:tuff":19,"create:raw_zinc":4,"minecraft:gunpowder":1,"minecraft:red_bed":1,"minecraft:lapis_lazuli":14,"minecraft:dirt":40,"minecraft:string":4,"minecraft:wooden_sword":1,"minecraft:bone":2,"gobber2:gobber2_gooey_beef":1,"minecraft:wheat_seeds":1,"minecraft:cobbled_deepslate":16,"create_new_age:magnetite_block":1,"minecraft:iron_ingot":58,"minecraft:beef":4,"minecraft:calcite":7,"delightful:cantaloupe_slice":10,"supplementaries:cage":1,"gobber2:gobber2_gooey_bread":2,"minecraft:raw_iron":12,"minecraft:torch":3,"extradelight:cinnamon_sapling":1,"sophisticatedbackpacks:backpack":1,"minecraft:sand":1,"createindustry:raw_lithium":7,"minecraft:diorite":11,"minecraft:redstone":31,"minecraft:spider_eye":2,"minecraft:oak_wood":5,"minecraft:arrow":4,"minecraft:rotten_flesh":1,"createcafe:coffee_beans":1,"minecraft:diamond":2,"supplementaries:ash":11,"minecraft:coal":15,"gobber2:gobber2_goo":1,"minecraft:cobblestone":292},"minecraft:dropped":{"delightful:cantaloupe_slice":1,"onlyhammersandexcavators:stone_hammer":1,"minecraft:raw_iron":12,"minecraft:coal":10,"minecraft:wooden_sword":1,"simplevoiceradio:radio_item":1,"minecraft:wooden_pickaxe":1,"minecraft:beef":4,"minecraft:iron_ingot":28},"minecraft:crafted":{"minecraft:cooked_beef":4,"delightful:cantaloupe_slice":6,"minecraft:oak_planks":20,"minecraft:emerald":2,"minecraft:iron_nugget":18,"minecraft:crafting_table":2,"minecraft:wooden_pickaxe":1,"simplevoiceradio:radio_item":2,"minecraft:air":0,"minecraft:jungle_planks":12,"minecraft:stick":24,"minecraft:iron_pickaxe":1,"minecraft:stone_sword":1,"minecraft:redstone_torch":2,"onlyhammersandexcavators:stone_hammer":1},"minecraft:mined":{"create:zinc_ore":4,"minecraft:podzol":1,"extradelight:cinnamon_leaves":1,"minecraft:deepslate_redstone_ore":3,"minecraft:tuff":22,"creatingspace:nickel_ore":6,"minecraft:red_bed":2,"minecraft:deepslate_diamond_ore":2,"byg:palm_crafting_table":2,"create_new_age:magnetite_block":1,"minecraft:torch":1,"minecraft:oak_wood":5,"minecraft:grass_block":4,"minecraft:calcite":7,"gobber2:gobber2_lucky_block":4,"minecraft:jungle_log":2,"create_new_age:thorium_ore":2,"minecraft:cobblestone":1,"minecraft:diorite":12,"minecraft:wall_torch":1,"supplementaries:urn":2,"minecraft:redstone_ore":3,"farmersdelight:sandy_shrub":1,"minecraft:coarse_dirt":1,"delightful:cantaloupe":1,"minecraft:iron_ore":11,"byg:leaf_pile":1,"minecraft:andesite":11,"minecraft:grass":4,"minecraft:coal_ore":5,"minecraft:deepslate_iron_ore":2,"minecraft:vine":3,"createindustry:deepslate_lithium_ore":8,"minecraft:sand":1,"minecraft:dirt":34,"byg:peat":2,"minecraft:stone":292,"minecraft:deepslate":13},"minecraft:killed":{"minecraft:spider":5,"minecraft:creeper":1,"minecraft:skeleton":1,"minecraft:zombie":7,"alexsmobs:leafcutter_ant":3,"minecraft:cow":2},"minecraft:used":{"minecraft:stone_sword":48,"minecraft:wooden_pickaxe":4,"byg:palm_crafting_table":1,"minecraft:torch":3,"minecraft:dirt":32,"minecraft:crafting_table":2,"minecraft:red_bed":1,"minecraft:bread":6,"minecraft:iron_axe":8,"minecraft:iron_pickaxe":45,"delightful:cantaloupe_slice":15,"onlyhammersandexcavators:stone_hammer":410,"minecraft:wooden_sword":41,"minecraft:cobblestone":123,"tombstone:gift":2,"alexsmobs:animal_dictionary":1,"minecraft:cooked_beef":4}},"DataVersion":3120}