{"stats":{"minecraft:mined":{"minecraft:grass_block":1,"minecraft:dirt":14},"minecraft:custom":{"minecraft:jump":28,"minecraft:time_since_rest":14508,"minecraft:crouch_one_cm":42,"minecraft:sprint_one_cm":9345,"minecraft:play_time":14508,"minecraft:damage_taken":90,"minecraft:time_since_death":14508,"minecraft:walk_one_cm":9709,"minecraft:sneak_time":6,"minecraft:climb_one_cm":276,"minecraft:total_world_time":14508,"minecraft:fall_one_cm":2029,"minecraft:fly_one_cm":2217},"minecraft:picked_up":{"minecraft:dirt":16,"minecraft:cobblestone":3},"minecraft:used":{"minecraft:dirt":5,"minecraft:cobblestone":3}},"DataVersion":3120}