{"stats":{"minecraft:custom":{"minecraft:mob_kills":25,"minecraft:interact_with_crafting_table":23,"minecraft:open_barrel":12,"goblintraders:trade_with_goblin":2,"minecraft:leave_game":3,"minecraft:time_since_death":552,"minecraft:climb_one_cm":6685,"minecraft:sprint_one_cm":354463,"minecraft:walk_one_cm":204683,"minecraft:damage_blocked_by_shield":40,"minecraft:drop":13,"minecraft:play_time":127804,"minecraft:deaths":8,"minecraft:sneak_time":5533,"minecraft:walk_under_water_one_cm":10006,"minecraft:jump":1941,"minecraft:walk_on_water_one_cm":8963,"minecraft:total_world_time":127804,"minecraft:interact_with_furnace":3,"minecraft:pot_flower":1,"minecraft:sleep_in_bed":4,"minecraft:time_since_rest":463,"minecraft:damage_taken":3854,"minecraft:trigger_trapped_chest":14,"minecraft:damage_dealt":4542,"minecraft:swim_one_cm":44978,"minecraft:fly_one_cm":287492,"minecraft:open_chest":19,"minecraft:crouch_one_cm":16233,"tombstone:undead_killed":9,"minecraft:fall_one_cm":45199},"minecraft:killed_by":{"minecraft:cave_spider":2,"minecraft:skeleton":2,"minecraft:zombie":4},"minecraft:picked_up":{"creatingspace:raw_nickel":5,"create_new_age:thorium":16,"minecraft:coarse_dirt":1,"byg:flowering_jacaranda_bush":1,"byg:soapstone":9,"byg:palm_crafting_table":1,"minecraft:wooden_pickaxe":1,"minecraft:string":8,"minecraft:red_bed":1,"minecraft:wooden_sword":1,"minecraft:experience_bottle":1,"minecraft:cobbled_deepslate":16,"minecraft:beef":4,"minecraft:calcite":7,"minecraft:iron_nugget":4,"minecraft:enchanted_golden_apple":1,"delightful:cantaloupe_slice":10,"supplementaries:cage":1,"minecraft:melon_slice":107,"minecraft:raw_iron":12,"minecraft:torch":4,"extradelight:cinnamon_sapling":1,"sophisticatedbackpacks:backpack":1,"createcafe:cassava_seeds":1,"minecraft:diorite":11,"minecraft:redstone":31,"minecraft:rotten_flesh":1,"minecraft:arrow":7,"createcafe:coffee_beans":4,"onlyhammersandexcavators:iron_hammer":1,"minecraft:hay_block":1,"supplementaries:ash":11,"minecraft:cobblestone":299,"byg:jacaranda_sapling":1,"minecraft:jungle_log":3,"minecraft:andesite":12,"minecraft:leather":1,"delightful:cantaloupe":2,"minecraft:tuff":19,"create:raw_zinc":4,"minecraft:gunpowder":1,"minecraft:lapis_lazuli":14,"minecraft:dirt":40,"minecraft:bone":3,"supplementaries:present_orange":1,"gobber2:gobber2_gooey_beef":1,"minecraft:wheat_seeds":3,"create_new_age:magnetite_block":2,"minecraft:iron_ingot":58,"minecraft:bamboo":4,"minecraft:gray_bed":2,"byg:jacaranda_log":9,"gobber2:gobber2_gooey_bread":2,"minecraft:pumpkin":8,"byg:jacaranda_planks":1,"minecraft:sand":1,"createindustry:raw_lithium":7,"minecraft:spider_eye":2,"minecraft:oak_wood":5,"minecraft:pumpkin_seeds":6,"minecraft:diamond":2,"onlyhammersandexcavators:stone_hammer":1,"minecraft:coal":15,"gobber2:gobber2_goo":1},"minecraft:dropped":{"minecraft:iron_ingot":48,"minecraft:coal":10,"minecraft:wooden_sword":1,"delightful:cantaloupe_slice":1,"minecraft:iron_nugget":8,"onlyhammersandexcavators:stone_hammer":1,"minecraft:raw_iron":12,"supplementaries:flax_seeds":16,"simplevoiceradio:radio_item":1,"minecraft:beef":4,"minecraft:wooden_pickaxe":1},"minecraft:broken":{"minecraft:leather_boots":1},"minecraft:crafted":{"byg:jacaranda_planks":36,"delightful:cantaloupe_slice":6,"minecraft:oak_planks":20,"minecraft:iron_nugget":18,"simplevoiceradio:radio_item":2,"onlyhammersandexcavators:stone_hammer":1,"sophisticatedbackpacks:iron_backpack":1,"minecraft:cooked_beef":4,"minecraft:emerald":2,"minecraft:crafting_table":2,"minecraft:wooden_pickaxe":1,"minecraft:air":0,"minecraft:jungle_planks":12,"minecraft:stick":24,"minecraft:iron_pickaxe":1,"minecraft:stone_sword":1,"minecraft:redstone_torch":2},"minecraft:mined":{"create:zinc_ore":4,"minecraft:tuff":22,"minecraft:deepslate_diamond_ore":2,"byg:palm_crafting_table":2,"minecraft:jungle_leaves":7,"minecraft:ladder":2,"minecraft:grass_block":4,"byg:jacaranda_log":9,"gobber2:gobber2_lucky_block":4,"minecraft:jungle_log":2,"create_new_age:thorium_ore":2,"minecraft:hay_block":1,"minecraft:redstone_ore":3,"minecraft:iron_ore":11,"minecraft:andesite":11,"byg:flowering_jacaranda_leaves":2,"minecraft:pumpkin":8,"byg:indigo_jacaranda_leaves":6,"minecraft:deepslate_iron_ore":2,"minecraft:vine":4,"minecraft:bamboo":2,"goodending:balmy_wildflowers":1,"minecraft:stone":292,"minecraft:podzol":1,"minecraft:deepslate_redstone_ore":3,"extradelight:cinnamon_leaves":1,"creatingspace:nickel_ore":6,"minecraft:red_bed":2,"supplementaries:present_orange":1,"create_new_age:magnetite_block":2,"minecraft:torch":1,"minecraft:oak_wood":5,"minecraft:calcite":7,"minecraft:melon":3,"minecraft:cobblestone":4,"minecraft:diorite":12,"minecraft:wall_torch":1,"supplementaries:urn":2,"byg:jacaranda_leaves":5,"farmersdelight:sandy_shrub":1,"minecraft:coarse_dirt":1,"delightful:cantaloupe":1,"minecraft:gray_bed":2,"byg:jacaranda_planks":2,"byg:leaf_pile":1,"minecraft:grass":16,"minecraft:coal_ore":5,"createindustry:deepslate_lithium_ore":8,"minecraft:sand":1,"minecraft:dirt":34,"byg:peat":2,"minecraft:deepslate":13},"minecraft:killed":{"minecraft:cave_spider":1,"minecraft:spider":8,"minecraft:skeleton":1,"alexsmobs:leafcutter_ant":3,"minecraft:creeper":1,"minecraft:zombie":8,"minecraft:cow":2},"minecraft:used":{"minecraft:stone_sword":96,"minecraft:shield":1,"byg:palm_crafting_table":1,"minecraft:torch":3,"minecraft:dirt":32,"minecraft:iron_axe":46,"create_new_age:magnetite_block":1,"onlyhammersandexcavators:stone_hammer":410,"minecraft:gray_bed":2,"tombstone:gift":6,"minecraft:cooked_beef":4,"minecraft:oak_planks":4,"minecraft:wooden_pickaxe":4,"minecraft:crafting_table":2,"minecraft:red_bed":1,"minecraft:melon_slice":39,"minecraft:bread":6,"minecraft:iron_pickaxe":49,"delightful:cantaloupe_slice":15,"minecraft:wooden_sword":41,"minecraft:cobblestone":171,"alexsmobs:animal_dictionary":1,"byg:jacaranda_planks":36}},"DataVersion":3120}