{"stats":{"minecraft:custom":{"minecraft:interact_with_crafting_table":40,"minecraft:open_barrel":24,"goblintraders:trade_with_goblin":2,"minecraft:leave_game":3,"minecraft:time_since_death":86696,"minecraft:sprint_one_cm":1047505,"minecraft:damage_blocked_by_shield":40,"minecraft:drop":68,"minecraft:play_time":373804,"minecraft:deaths":25,"minecraft:jump":5066,"minecraft:walk_on_water_one_cm":12883,"minecraft:interact_with_furnace":39,"minecraft:sleep_in_bed":10,"minecraft:damage_dealt":18933,"minecraft:crouch_one_cm":59123,"tombstone:undead_killed":58,"minecraft:interact_with_smoker":1,"minecraft:inspect_dispenser":2,"minecraft:horse_one_cm":44045,"minecraft:interact_with_smithing_table":1,"minecraft:mob_kills":118,"minecraft:damage_dealt_resisted":94,"minecraft:climb_one_cm":97358,"minecraft:walk_one_cm":930682,"minecraft:damage_dealt_absorbed":71,"minecraft:sneak_time":18896,"minecraft:walk_under_water_one_cm":11239,"minecraft:total_world_time":373804,"tombstone:raider_killed":1,"minecraft:pot_flower":1,"minecraft:time_since_rest":45871,"minecraft:damage_taken":12117,"minecraft:trigger_trapped_chest":19,"minecraft:swim_one_cm":53686,"minecraft:fly_one_cm":809112,"minecraft:open_chest":116,"minecraft:fall_one_cm":132416},"minecraft:killed_by":{"minecraft:creeper":1,"quark:forgotten":11,"minecraft:cave_spider":2,"minecraft:witch":1,"minecraft:zombie":5,"alexsmobs:komodo_dragon":1,"minecraft:skeleton":2},"minecraft:picked_up":{"minecraft:iron_chestplate":1,"byg:flowering_jacaranda_bush":1,"minecraft:wheat":14,"minecraft:creeper_head":1,"minecraft:lead":1,"create:wrench":2,"minecraft:potion":2,"minecraft:stone_brick_stairs":60,"minecraft:infested_stone":24,"sophisticatedbackpacks:magnet_upgrade":1,"quark:dripstone_block_slab":6,"minecraft:string":57,"minecraft:raw_copper":45,"minecraft:iron_leggings":2,"minecraft:experience_bottle":1,"minecraft:zombie_head":1,"minecraft:cobbled_deepslate":16,"minecraft:spruce_planks":4,"createindustry:raw_lead":1,"minecraft:written_book":2,"minecraft:cobblestone_slab":37,"minecraft:calcite":7,"minecraft:iron_pickaxe":1,"minecraft:enchanted_golden_apple":1,"minecraft:melon_slice":108,"minecraft:spruce_pressure_plate":23,"minecraft:stick":1,"miners_delight:silverfish_eggs":3,"quark:tuff_slab":11,"minecraft:spruce_stairs":2,"minecraft:torch":46,"create:andesite_casing":11,"supplementaries:bamboo_spikes_tipped":17,"createcafe:cassava_seeds":9,"minecraft:lightning_rod":1,"minecraft:pointed_dripstone":38,"tombstone:grave_dust":1,"minecraft:diorite":11,"regions_unexplored:barley":27,"create:large_cogwheel":15,"quark:polished_andesite_vertical_slab":1,"minecraft:stone_sword":3,"quark:sturdy_stone":49,"minecraft:rotten_flesh":26,"createcafe:coffee_beans":8,"farmersdelight:onion":16,"onlyhammersandexcavators:iron_hammer":1,"supplementaries:antique_ink":1,"supplementaries:ash":11,"minecraft:cobblestone":1937,"minecraft:mossy_cobblestone_slab":11,"minecraft:andesite":12,"minecraft:jungle_log":3,"supplementaries:item_shelf":1,"minecraft:flint":1,"minecraft:stripped_spruce_wood":38,"minecraft:tuff":136,"delightful:cantaloupe":2,"create:raw_zinc":4,"quark:blossom_button":3,"supplementaries:slingshot":1,"minecraft:lapis_lazuli":14,"minecraft:dirt":46,"minecraft:name_tag":2,"minecraft:bone":35,"supplementaries:present_orange":1,"minecraft:bow":1,"gobber2:gobber2_gooey_beef":1,"minecraft:wheat_seeds":35,"minecraft:raw_gold":6,"create:mechanical_drill":24,"create_new_age:magnetite_block":2,"create:brown_toolbox":1,"create:shaft":3,"minecraft:bamboo":4,"minecraft:moss_block":1,"minecraft:oak_planks":14,"gobber2:gobber2_gooey_bread":2,"quark:azalea_wood":6,"create:cogwheel":27,"create:cuckoo_clock":1,"byg:jacaranda_planks":1,"minecraft:sand":1,"createindustry:raw_lithium":7,"quark:glow_lichen_growth":2,"regions_unexplored:chalk":1,"minecraft:grass_block":1,"minecraft:cyan_bed":1,"minecraft:barrel":16,"minecraft:mossy_cobblestone":1,"minecraft:bundle":2,"supplementaries:bamboo_spikes":36,"minecraft:diamond":4,"minecraft:crossbow":1,"supplementaries:copper_lantern":6,"minecraft:spruce_sign":2,"minecraft:emerald":5,"minecraft:bread":26,"gobber2:gobber2_goo":1,"minecraft:diamond_pickaxe":1,"creatingspace:raw_nickel":7,"minecraft:coarse_dirt":1,"byg:soapstone":80,"create_new_age:thorium":16,"byg:palm_crafting_table":3,"minecraft:splash_potion":2,"minecraft:leather_leggings":2,"minecraft:wooden_pickaxe":1,"minecraft:chain":5,"extradelight:cactus_juice":1,"minecraft:oak_trapdoor":18,"minecraft:red_bed":1,"create:fluid_pipe":14,"minecraft:iron_axe":1,"minecraft:wooden_sword":1,"supplementaries:bomb":3,"minecraft:beef":4,"minecraft:iron_nugget":4,"minecraft:spruce_slab":70,"supplementaries:cage":1,"delightful:cantaloupe_slice":10,"minecraft:piston":3,"minecraft:spruce_trapdoor":78,"quark:dripstone_block_wall":4,"minecraft:raw_iron":17,"create:crushed_raw_zinc":7,"extradelight:cinnamon_sapling":1,"sophisticatedbackpacks:backpack":1,"minecraft:spruce_fence":1,"byg:blue_sandstone":5,"minecraft:stone_button":2,"create:hand_crank":6,"supplementaries:key":1,"minecraft:redstone":46,"create:cut_tuff":126,"minecraft:iron_horse_armor":2,"create:zinc_ingot":1,"minecraft:arrow":99,"create:experience_nugget":19,"minecraft:hay_block":1,"minecraft:saddle":2,"miners_delight:bat_wing":1,"minecraft:glow_berries":1,"minecraft:mutton":14,"create:waxed_exposed_copper_tiles":11,"minecraft:white_wool":12,"minecraft:bone_block":33,"create:oxidized_copper_shingles":3,"byg:jacaranda_sapling":1,"create:crushed_raw_gold":13,"minecraft:tripwire_hook":10,"minecraft:leather":1,"byg:purple_sandstone":1,"create:cut_dripstone":7,"minecraft:oak_log":20,"create:andesite_alloy":10,"minecraft:gunpowder":2,"minecraft:cobblestone_wall":26,"create:copper_nugget":21,"quark:forgotten_hat":4,"create:copper_ladder":13,"create:crushed_raw_iron":5,"minecraft:apple":36,"spacestation:tin_ore":1,"create:metal_girder":3,"minecraft:rabbit_hide":7,"supplementaries:bellows":1,"minecraft:iron_ingot":58,"minecraft:cobweb":21,"farmersdelight:cyan_canvas_sign":2,"byg:jacaranda_log":9,"minecraft:gray_bed":2,"minecraft:iron_sword":1,"quark:stick_block":5,"minecraft:pumpkin":8,"quark:glass_item_frame":1,"quark:grate":1,"minecraft:dripstone_block":40,"minecraft:gravel":5,"minecraft:white_bed":2,"byg:palm_planks":1,"quark:abacus":1,"minecraft:spider_eye":3,"create:gearbox":12,"supplementaries:clock_block":1,"minecraft:infested_stone_bricks":19,"minecraft:oak_wood":5,"create:cut_dripstone_slab":3,"minecraft:pumpkin_seeds":6,"quark:cobblestone_vertical_slab":13,"create:crushed_raw_copper":15,"minecraft:iron_helmet":1,"create:encased_fan":10,"create:rose_quartz":1,"onlyhammersandexcavators:stone_hammer":1,"tombstone:magic_scroll":1,"minecraft:black_wool":1,"quark:rope":6,"minecraft:coal":107,"create:andesite_ladder":126,"minecraft:ender_pearl":1},"minecraft:dropped":{"minecraft:diamond":6,"create:cogwheel":7,"minecraft:stone_button":2,"minecraft:wooden_sword":1,"farmersdelight:onion":16,"create:large_cogwheel":4,"minecraft:white_wool":3,"delightful:cantaloupe_slice":1,"minecraft:iron_nugget":8,"onlyhammersandexcavators:stone_hammer":1,"minecraft:rotten_flesh":2,"quark:sturdy_stone":1,"minecraft:oak_planks":5,"minecraft:carrot":4,"supplementaries:antique_ink":1,"createcafe:cassava_seeds":5,"supplementaries:flax_seeds":19,"minecraft:beetroot_seeds":6,"minecraft:leather_leggings":1,"simplevoiceradio:radio_item":1,"minecraft:beef":4,"minecraft:iron_ingot":93,"minecraft:wheat_seeds":32,"supplementaries:bamboo_spikes":37,"minecraft:cobblestone":4,"minecraft:coal":10,"minecraft:stick":1,"minecraft:cobweb":14,"minecraft:stone_sword":2,"minecraft:raw_iron":12,"supplementaries:bamboo_spikes_tipped":18,"create:hand_crank":3,"minecraft:wooden_pickaxe":1},"minecraft:broken":{"minecraft:iron_boots":1,"minecraft:iron_chestplate":1,"minecraft:iron_leggings":1,"minecraft:iron_sword":1,"onlyhammersandexcavators:iron_hammer":1,"quark:forgotten_hat":1,"minecraft:stone_sword":1,"minecraft:iron_axe":1,"minecraft:leather_boots":1,"minecraft:iron_helmet":2},"minecraft:crafted":{"delightful:cantaloupe_slice":6,"minecraft:oak_planks":100,"minecraft:cooked_mutton":14,"minecraft:iron_boots":1,"onlyhammersandexcavators:stone_hammer":1,"minecraft:emerald":2,"minecraft:crafting_table":2,"minecraft:wooden_pickaxe":1,"minecraft:iron_helmet":1,"minecraft:iron_chestplate":1,"minecraft:stick":93,"quark:oak_chest":8,"minecraft:iron_ingot":69,"minecraft:iron_pickaxe":2,"minecraft:stone_sword":1,"minecraft:redstone_torch":2,"byg:jacaranda_planks":36,"minecraft:iron_nugget":18,"simplevoiceradio:radio_item":2,"minecraft:furnace":3,"minecraft:iron_axe":1,"sophisticatedbackpacks:iron_backpack":1,"minecraft:cooked_beef":4,"minecraft:iron_sword":1,"sophisticatedbackpacks:gold_backpack":2,"minecraft:bread":10,"minecraft:air":0,"minecraft:jungle_planks":12,"aether:iron_gloves":1,"minecraft:iron_leggings":1,"minecraft:white_bed":2,"minecraft:torch":172},"minecraft:mined":{"minecraft:spruce_planks":2,"minecraft:white_bed":2,"create:andesite_casing":11,"minecraft:jungle_leaves":7,"create:copper_ladder":6,"minecraft:spruce_trapdoor":81,"minecraft:grass_block":5,"byg:purple_sandstone":1,"gobber2:gobber2_lucky_block":4,"minecraft:jungle_log":2,"creatingspace:deepslate_nickel_ore":1,"create:andesite_ladder":133,"quark:glow_lichen_growth":1,"minecraft:spawner":7,"quark:blossom_button":3,"minecraft:mossy_cobblestone_slab":6,"minecraft:iron_ore":11,"minecraft:barrel":16,"minecraft:cobbled_deepslate":1,"quark:stick_block":5,"minecraft:pumpkin":8,"quark:azalea_wood":6,"minecraft:pointed_dripstone":12,"quark:sturdy_stone":49,"byg:indigo_jacaranda_leaves":6,"minecraft:cave_vines":1,"minecraft:spruce_pressure_plate":23,"minecraft:spruce_slab":65,"minecraft:tripwire":5,"minecraft:deepslate_redstone_ore":3,"create:cogwheel":15,"quark:tuff_slab":11,"creatingspace:nickel_ore":7,"minecraft:red_bed":2,"minecraft:torch":19,"minecraft:calcite":7,"minecraft:melon":3,"minecraft:spruce_wall_sign":1,"minecraft:cobblestone":374,"minecraft:cyan_bed":1,"byg:blue_sandstone":5,"minecraft:oak_planks":9,"minecraft:wall_torch":13,"create:cuckoo_clock":1,"minecraft:deepslate_copper_ore":2,"byg:jacaranda_leaves":13,"byg:soapstone":69,"farmersdelight:sandy_shrub":1,"delightful:cantaloupe":1,"byg:jacaranda_planks":2,"minecraft:stone_brick_stairs":68,"minecraft:grass":26,"minecraft:oak_log":20,"createindustry:deepslate_lithium_ore":8,"minecraft:sand":1,"minecraft:dirt":41,"quark:dripstone_block_wall":5,"create:cut_tuff":127,"minecraft:piston":3,"minecraft:deepslate":26,"supplementaries:clock_block":1,"create:zinc_ore":4,"minecraft:tuff":140,"quark:grate":1,"minecraft:mossy_cobblestone":2,"minecraft:deepslate_diamond_ore":2,"regions_unexplored:barley":44,"byg:palm_crafting_table":3,"minecraft:glow_lichen":1,"minecraft:ladder":2,"biomesoplenty:bush":1,"minecraft:stone_button":2,"minecraft:spruce_fence":1,"create:large_cogwheel":17,"byg:jacaranda_log":9,"create_new_age:thorium_ore":3,"create:encased_fan":11,"minecraft:moss_block":1,"quark:dripstone_block_slab":5,"minecraft:hay_block":1,"minecraft:redstone_ore":3,"minecraft:oak_trapdoor":18,"supplementaries:bamboo_spikes":67,"minecraft:andesite":11,"quark:dripstone_block_vertical_slab":1,"byg:flowering_jacaranda_leaves":2,"supplementaries:bellows":1,"createindustry:lead_ore":1,"minecraft:deepslate_iron_ore":3,"minecraft:cobblestone_slab":39,"minecraft:vine":5,"regions_unexplored:medium_grass":4,"minecraft:bamboo":2,"minecraft:stone":1597,"goodending:balmy_wildflowers":1,"minecraft:podzol":1,"regions_unexplored:chalk_grass_block":1,"extradelight:cinnamon_leaves":1,"create:cut_dripstone_slab":4,"minecraft:infested_stone_bricks":10,"supplementaries:present_orange":1,"quark:cobblestone_vertical_slab":13,"create_new_age:magnetite_block":2,"create:metal_girder":3,"create:fluid_pipe":7,"create:waxed_exposed_copper_tiles":11,"minecraft:emerald_ore":5,"minecraft:oak_wood":5,"create:oxidized_copper_shingles":4,"create:cut_deepslate":2,"minecraft:tall_grass":14,"minecraft:copper_ore":12,"minecraft:diorite":12,"supplementaries:urn":2,"minecraft:spruce_stairs":2,"minecraft:coarse_dirt":1,"minecraft:cobblestone_wall":26,"minecraft:stripped_spruce_wood":37,"create:gearbox":12,"minecraft:gray_bed":2,"byg:leaf_pile":1,"create:cut_dripstone":11,"create:mechanical_drill":25,"minecraft:coal_ore":19,"minecraft:gravel":6,"minecraft:dripstone_block":40,"byg:peat":2,"minecraft:cobweb":31},"minecraft:killed":{"minecraft:cave_spider":9,"minecraft:witch":1,"minecraft:spider":10,"quark:forgotten":5,"minecraft:skeleton":9,"alexsmobs:leafcutter_ant":3,"minecraft:silverfish":18,"minecraft:wolf":1,"minecraft:creeper":1,"minecraft:sheep":10,"minecraft:zombie":44,"minecraft:cow":2,"minecraft:enderman":1},"minecraft:used":{"minecraft:moss_block":1,"minecraft:spruce_slab":24,"minecraft:shield":1,"minecraft:iron_sword":219,"byg:palm_crafting_table":3,"create:cogwheel":1,"farmersdelight:cyan_canvas_sign":1,"create_new_age:magnetite_block":1,"minecraft:mossy_cobblestone_slab":11,"onlyhammersandexcavators:stone_hammer":602,"minecraft:written_book":1,"minecraft:furnace":3,"minecraft:gray_bed":2,"create:cut_tuff":6,"minecraft:stripped_spruce_wood":12,"minecraft:stone_pickaxe":532,"minecraft:oak_planks":4,"minecraft:wooden_pickaxe":4,"quark:azalea_wood":5,"minecraft:bread":45,"minecraft:melon_slice":108,"minecraft:cyan_bed":1,"minecraft:string":6,"minecraft:wooden_sword":41,"extradelight:cactus_juice":1,"byg:jacaranda_planks":36,"create:large_cogwheel":2,"minecraft:oak_trapdoor":2,"minecraft:stone_sword":187,"minecraft:spruce_planks":2,"minecraft:torch":149,"minecraft:dirt":32,"minecraft:spruce_stairs":2,"minecraft:spruce_fence":1,"create:wrench":131,"minecraft:iron_axe":473,"minecraft:barrel":6,"tombstone:gift":7,"onlyhammersandexcavators:iron_hammer":1300,"minecraft:cooked_beef":4,"minecraft:cooked_mutton":12,"minecraft:baked_potato":11,"minecraft:mossy_cobblestone":1,"minecraft:crafting_table":2,"minecraft:red_bed":1,"minecraft:white_bed":4,"minecraft:infested_stone_bricks":19,"minecraft:apple":5,"create:andesite_ladder":55,"minecraft:iron_pickaxe":832,"minecraft:spruce_pressure_plate":2,"minecraft:spruce_trapdoor":24,"delightful:cantaloupe_slice":15,"create:copper_ladder":1,"minecraft:cobblestone":1943,"quark:oak_chest":8,"alexsmobs:animal_dictionary":1,"create:hand_crank":1}},"DataVersion":3120}