{"stats":{"minecraft:custom":{"minecraft:interact_with_crafting_table":34,"minecraft:open_barrel":23,"goblintraders:trade_with_goblin":2,"minecraft:leave_game":3,"minecraft:time_since_death":37937,"minecraft:sprint_one_cm":697173,"minecraft:damage_blocked_by_shield":40,"minecraft:drop":65,"minecraft:play_time":265804,"minecraft:deaths":24,"minecraft:jump":4067,"minecraft:walk_on_water_one_cm":10678,"minecraft:interact_with_furnace":4,"minecraft:sleep_in_bed":8,"minecraft:damage_dealt":15896,"minecraft:crouch_one_cm":34358,"tombstone:undead_killed":51,"minecraft:interact_with_smoker":1,"minecraft:inspect_dispenser":2,"minecraft:horse_one_cm":44045,"minecraft:interact_with_smithing_table":1,"minecraft:mob_kills":92,"minecraft:climb_one_cm":35649,"minecraft:walk_one_cm":574531,"minecraft:sneak_time":10484,"minecraft:walk_under_water_one_cm":11039,"minecraft:total_world_time":265804,"tombstone:raider_killed":1,"minecraft:pot_flower":1,"minecraft:time_since_rest":37797,"minecraft:damage_taken":10649,"minecraft:trigger_trapped_chest":19,"minecraft:swim_one_cm":53424,"minecraft:fly_one_cm":624927,"minecraft:open_chest":75,"minecraft:fall_one_cm":113048},"minecraft:killed_by":{"minecraft:creeper":1,"quark:forgotten":11,"minecraft:cave_spider":2,"minecraft:witch":1,"minecraft:zombie":5,"alexsmobs:komodo_dragon":1,"minecraft:skeleton":2},"minecraft:picked_up":{"minecraft:iron_chestplate":1,"byg:flowering_jacaranda_bush":1,"minecraft:wheat":14,"minecraft:creeper_head":1,"minecraft:lead":1,"minecraft:stone_brick_stairs":1,"minecraft:infested_stone":24,"sophisticatedbackpacks:magnet_upgrade":1,"minecraft:string":57,"minecraft:raw_copper":25,"minecraft:iron_leggings":1,"minecraft:experience_bottle":1,"minecraft:zombie_head":1,"minecraft:cobbled_deepslate":16,"minecraft:spruce_planks":2,"minecraft:written_book":1,"minecraft:cobblestone_slab":3,"minecraft:calcite":7,"minecraft:iron_pickaxe":1,"minecraft:enchanted_golden_apple":1,"minecraft:melon_slice":108,"minecraft:spruce_pressure_plate":21,"minecraft:stick":1,"minecraft:torch":13,"create:andesite_casing":6,"supplementaries:bamboo_spikes_tipped":17,"createcafe:cassava_seeds":9,"minecraft:lightning_rod":1,"minecraft:diorite":11,"regions_unexplored:barley":27,"create:large_cogwheel":6,"quark:polished_andesite_vertical_slab":1,"minecraft:stone_sword":3,"quark:sturdy_stone":2,"minecraft:rotten_flesh":22,"createcafe:coffee_beans":8,"farmersdelight:onion":16,"onlyhammersandexcavators:iron_hammer":1,"supplementaries:antique_ink":1,"supplementaries:ash":11,"minecraft:cobblestone":1052,"minecraft:mossy_cobblestone_slab":5,"minecraft:andesite":12,"minecraft:jungle_log":3,"minecraft:tuff":19,"delightful:cantaloupe":2,"create:raw_zinc":4,"minecraft:lapis_lazuli":14,"minecraft:dirt":40,"minecraft:name_tag":2,"minecraft:bone":32,"supplementaries:present_orange":1,"gobber2:gobber2_gooey_beef":1,"minecraft:wheat_seeds":35,"minecraft:raw_gold":6,"create:mechanical_drill":24,"create_new_age:magnetite_block":2,"minecraft:bamboo":4,"minecraft:oak_planks":5,"gobber2:gobber2_gooey_bread":2,"create:cogwheel":8,"create:cuckoo_clock":1,"byg:jacaranda_planks":1,"minecraft:sand":1,"createindustry:raw_lithium":7,"regions_unexplored:chalk":1,"minecraft:cyan_bed":1,"minecraft:bundle":2,"supplementaries:bamboo_spikes":36,"minecraft:diamond":2,"minecraft:emerald":5,"minecraft:bread":26,"gobber2:gobber2_goo":1,"minecraft:diamond_pickaxe":1,"creatingspace:raw_nickel":6,"minecraft:coarse_dirt":1,"byg:soapstone":9,"create_new_age:thorium":16,"byg:palm_crafting_table":3,"minecraft:wooden_pickaxe":1,"minecraft:oak_trapdoor":1,"minecraft:red_bed":1,"create:fluid_pipe":1,"minecraft:iron_axe":1,"minecraft:wooden_sword":1,"minecraft:beef":4,"minecraft:iron_nugget":4,"minecraft:spruce_slab":2,"supplementaries:cage":1,"delightful:cantaloupe_slice":10,"minecraft:piston":3,"minecraft:spruce_trapdoor":1,"minecraft:raw_iron":17,"extradelight:cinnamon_sapling":1,"sophisticatedbackpacks:backpack":1,"minecraft:spruce_fence":1,"byg:blue_sandstone":5,"minecraft:stone_button":2,"create:hand_crank":5,"supplementaries:key":1,"minecraft:redstone":33,"minecraft:iron_horse_armor":2,"minecraft:arrow":92,"minecraft:hay_block":1,"minecraft:saddle":2,"miners_delight:bat_wing":1,"minecraft:mutton":14,"create:waxed_exposed_copper_tiles":1,"minecraft:white_wool":12,"minecraft:bone_block":33,"create:oxidized_copper_shingles":1,"byg:jacaranda_sapling":1,"minecraft:leather":1,"byg:purple_sandstone":1,"minecraft:oak_log":20,"minecraft:gunpowder":2,"minecraft:cobblestone_wall":1,"quark:forgotten_hat":4,"create:copper_ladder":3,"minecraft:apple":1,"create:metal_girder":1,"minecraft:rabbit_hide":7,"supplementaries:bellows":1,"minecraft:iron_ingot":58,"minecraft:cobweb":21,"farmersdelight:cyan_canvas_sign":2,"byg:jacaranda_log":9,"minecraft:gray_bed":2,"minecraft:iron_sword":1,"minecraft:pumpkin":8,"minecraft:white_bed":2,"byg:palm_planks":1,"minecraft:spider_eye":3,"create:gearbox":1,"supplementaries:clock_block":1,"minecraft:infested_stone_bricks":19,"minecraft:oak_wood":5,"minecraft:pumpkin_seeds":6,"quark:cobblestone_vertical_slab":3,"minecraft:iron_helmet":1,"create:encased_fan":10,"onlyhammersandexcavators:stone_hammer":1,"tombstone:magic_scroll":1,"minecraft:black_wool":1,"minecraft:coal":40,"create:andesite_ladder":7},"minecraft:dropped":{"minecraft:diamond":6,"create:cogwheel":7,"minecraft:stone_button":2,"minecraft:wooden_sword":1,"farmersdelight:onion":16,"create:large_cogwheel":4,"minecraft:white_wool":3,"delightful:cantaloupe_slice":1,"minecraft:iron_nugget":8,"onlyhammersandexcavators:stone_hammer":1,"minecraft:rotten_flesh":2,"quark:sturdy_stone":1,"minecraft:oak_planks":5,"minecraft:carrot":4,"supplementaries:antique_ink":1,"createcafe:cassava_seeds":5,"supplementaries:flax_seeds":19,"minecraft:beetroot_seeds":6,"simplevoiceradio:radio_item":1,"minecraft:beef":4,"minecraft:iron_ingot":58,"minecraft:wheat_seeds":32,"supplementaries:bamboo_spikes":37,"minecraft:coal":10,"minecraft:stick":1,"minecraft:cobweb":14,"minecraft:stone_sword":2,"minecraft:raw_iron":12,"supplementaries:bamboo_spikes_tipped":18,"create:hand_crank":3,"minecraft:wooden_pickaxe":1},"minecraft:broken":{"minecraft:iron_boots":1,"minecraft:iron_leggings":1,"minecraft:stone_sword":1,"minecraft:iron_axe":1,"minecraft:leather_boots":1,"minecraft:iron_helmet":2},"minecraft:crafted":{"delightful:cantaloupe_slice":6,"minecraft:oak_planks":100,"onlyhammersandexcavators:stone_hammer":1,"minecraft:emerald":2,"minecraft:crafting_table":2,"minecraft:wooden_pickaxe":1,"minecraft:stick":48,"quark:oak_chest":8,"minecraft:iron_pickaxe":1,"minecraft:stone_sword":1,"minecraft:redstone_torch":2,"byg:jacaranda_planks":36,"minecraft:iron_nugget":18,"simplevoiceradio:radio_item":2,"sophisticatedbackpacks:iron_backpack":1,"minecraft:cooked_beef":4,"sophisticatedbackpacks:gold_backpack":2,"minecraft:bread":10,"minecraft:air":0,"minecraft:jungle_planks":12,"minecraft:white_bed":2,"minecraft:torch":96},"minecraft:mined":{"minecraft:white_bed":2,"create:andesite_casing":6,"minecraft:jungle_leaves":7,"create:copper_ladder":2,"minecraft:spruce_trapdoor":1,"minecraft:grass_block":5,"byg:purple_sandstone":1,"gobber2:gobber2_lucky_block":4,"minecraft:jungle_log":2,"create:andesite_ladder":7,"minecraft:spawner":7,"minecraft:mossy_cobblestone_slab":2,"minecraft:iron_ore":11,"minecraft:cobbled_deepslate":1,"minecraft:pumpkin":8,"byg:indigo_jacaranda_leaves":6,"minecraft:cave_vines":1,"minecraft:spruce_pressure_plate":21,"minecraft:tripwire":5,"minecraft:deepslate_redstone_ore":3,"create:cogwheel":11,"creatingspace:nickel_ore":7,"minecraft:red_bed":2,"minecraft:torch":5,"minecraft:calcite":7,"minecraft:melon":3,"minecraft:cobblestone":38,"minecraft:cyan_bed":1,"byg:blue_sandstone":5,"minecraft:wall_torch":2,"create:cuckoo_clock":1,"minecraft:deepslate_copper_ore":2,"byg:jacaranda_leaves":13,"byg:soapstone":32,"farmersdelight:sandy_shrub":1,"delightful:cantaloupe":1,"byg:jacaranda_planks":2,"minecraft:stone_brick_stairs":5,"minecraft:grass":26,"minecraft:oak_log":20,"createindustry:deepslate_lithium_ore":8,"minecraft:sand":1,"minecraft:dirt":35,"minecraft:piston":3,"minecraft:deepslate":26,"supplementaries:clock_block":1,"create:zinc_ore":4,"minecraft:tuff":22,"minecraft:mossy_cobblestone":1,"minecraft:deepslate_diamond_ore":2,"regions_unexplored:barley":44,"byg:palm_crafting_table":3,"minecraft:glow_lichen":1,"minecraft:ladder":2,"biomesoplenty:bush":1,"minecraft:stone_button":2,"minecraft:spruce_fence":1,"create:large_cogwheel":11,"byg:jacaranda_log":9,"create_new_age:thorium_ore":2,"create:encased_fan":11,"minecraft:hay_block":1,"minecraft:redstone_ore":3,"minecraft:oak_trapdoor":1,"supplementaries:bamboo_spikes":67,"minecraft:andesite":11,"byg:flowering_jacaranda_leaves":2,"supplementaries:bellows":1,"minecraft:deepslate_iron_ore":2,"minecraft:cobblestone_slab":5,"minecraft:vine":5,"regions_unexplored:medium_grass":4,"minecraft:bamboo":2,"minecraft:stone":1021,"goodending:balmy_wildflowers":1,"minecraft:podzol":1,"regions_unexplored:chalk_grass_block":1,"extradelight:cinnamon_leaves":1,"supplementaries:present_orange":1,"quark:cobblestone_vertical_slab":2,"create_new_age:magnetite_block":2,"create:metal_girder":1,"create:fluid_pipe":1,"create:waxed_exposed_copper_tiles":1,"minecraft:emerald_ore":5,"minecraft:oak_wood":5,"create:oxidized_copper_shingles":2,"create:cut_deepslate":2,"minecraft:tall_grass":14,"minecraft:copper_ore":7,"minecraft:diorite":12,"supplementaries:urn":2,"minecraft:coarse_dirt":1,"minecraft:cobblestone_wall":1,"minecraft:stripped_spruce_wood":1,"create:gearbox":1,"minecraft:gray_bed":2,"byg:leaf_pile":1,"create:mechanical_drill":25,"minecraft:coal_ore":19,"byg:peat":2,"minecraft:cobweb":30},"minecraft:killed":{"minecraft:cave_spider":9,"minecraft:witch":1,"minecraft:spider":9,"quark:forgotten":5,"minecraft:skeleton":7,"alexsmobs:leafcutter_ant":3,"minecraft:wolf":1,"minecraft:creeper":1,"minecraft:sheep":10,"minecraft:zombie":39,"minecraft:cow":2},"minecraft:used":{"minecraft:shield":1,"minecraft:iron_sword":156,"byg:palm_crafting_table":3,"create:cogwheel":1,"farmersdelight:cyan_canvas_sign":1,"create_new_age:magnetite_block":1,"onlyhammersandexcavators:stone_hammer":410,"minecraft:written_book":1,"minecraft:gray_bed":2,"minecraft:oak_planks":4,"minecraft:wooden_pickaxe":4,"minecraft:bread":36,"minecraft:melon_slice":103,"minecraft:cyan_bed":1,"minecraft:string":6,"minecraft:wooden_sword":41,"byg:jacaranda_planks":36,"create:large_cogwheel":2,"minecraft:stone_sword":187,"minecraft:torch":30,"minecraft:dirt":32,"minecraft:spruce_fence":1,"minecraft:iron_axe":215,"tombstone:gift":7,"onlyhammersandexcavators:iron_hammer":772,"minecraft:cooked_beef":4,"minecraft:baked_potato":11,"minecraft:crafting_table":2,"minecraft:red_bed":1,"minecraft:white_bed":4,"minecraft:infested_stone_bricks":19,"minecraft:apple":1,"create:andesite_ladder":7,"minecraft:iron_pickaxe":308,"delightful:cantaloupe_slice":15,"minecraft:cobblestone":792,"quark:oak_chest":8,"alexsmobs:animal_dictionary":1,"create:hand_crank":1}},"DataVersion":3120}