{"stats":{"minecraft:custom":{"minecraft:mob_kills":50,"minecraft:interact_with_crafting_table":31,"minecraft:open_barrel":14,"goblintraders:trade_with_goblin":2,"minecraft:leave_game":3,"minecraft:time_since_death":7416,"minecraft:climb_one_cm":11786,"minecraft:sprint_one_cm":500693,"minecraft:walk_one_cm":299956,"minecraft:damage_blocked_by_shield":40,"minecraft:drop":24,"minecraft:play_time":187804,"minecraft:deaths":9,"minecraft:sneak_time":6649,"minecraft:walk_under_water_one_cm":11039,"minecraft:jump":3051,"minecraft:walk_on_water_one_cm":10678,"minecraft:total_world_time":187804,"minecraft:interact_with_furnace":4,"minecraft:pot_flower":1,"minecraft:sleep_in_bed":7,"minecraft:time_since_rest":7098,"minecraft:damage_taken":5171,"minecraft:trigger_trapped_chest":14,"minecraft:damage_dealt":8232,"minecraft:swim_one_cm":53424,"minecraft:fly_one_cm":530016,"minecraft:open_chest":27,"minecraft:crouch_one_cm":20162,"tombstone:undead_killed":21,"minecraft:interact_with_smoker":1,"minecraft:fall_one_cm":82940,"minecraft:horse_one_cm":42404},"minecraft:killed_by":{"minecraft:cave_spider":2,"minecraft:skeleton":2,"minecraft:zombie":4,"alexsmobs:komodo_dragon":1},"minecraft:picked_up":{"minecraft:iron_chestplate":1,"minecraft:wheat":14,"creatingspace:raw_nickel":5,"create_new_age:thorium":16,"minecraft:coarse_dirt":1,"byg:flowering_jacaranda_bush":1,"byg:soapstone":9,"byg:palm_crafting_table":3,"minecraft:wooden_pickaxe":1,"sophisticatedbackpacks:magnet_upgrade":1,"minecraft:string":10,"minecraft:red_bed":1,"minecraft:wooden_sword":1,"minecraft:iron_leggings":1,"minecraft:experience_bottle":1,"minecraft:cobbled_deepslate":16,"minecraft:beef":4,"minecraft:calcite":7,"minecraft:iron_nugget":4,"minecraft:enchanted_golden_apple":1,"delightful:cantaloupe_slice":10,"supplementaries:cage":1,"minecraft:melon_slice":108,"minecraft:piston":3,"minecraft:raw_iron":12,"minecraft:torch":6,"extradelight:cinnamon_sapling":1,"minecraft:spruce_fence":1,"sophisticatedbackpacks:backpack":1,"createcafe:cassava_seeds":9,"byg:blue_sandstone":5,"minecraft:diorite":11,"supplementaries:key":1,"minecraft:redstone":31,"regions_unexplored:barley":27,"quark:polished_andesite_vertical_slab":1,"minecraft:stone_sword":3,"minecraft:rotten_flesh":5,"minecraft:arrow":10,"createcafe:coffee_beans":8,"farmersdelight:onion":16,"onlyhammersandexcavators:iron_hammer":1,"supplementaries:antique_ink":1,"minecraft:hay_block":1,"supplementaries:ash":11,"minecraft:mutton":14,"minecraft:white_wool":12,"minecraft:cobblestone":585,"byg:jacaranda_sapling":1,"minecraft:jungle_log":3,"minecraft:andesite":12,"minecraft:leather":1,"byg:purple_sandstone":1,"delightful:cantaloupe":2,"minecraft:tuff":19,"create:raw_zinc":4,"minecraft:oak_log":20,"minecraft:gunpowder":1,"minecraft:lapis_lazuli":14,"minecraft:dirt":40,"minecraft:bone":5,"minecraft:apple":1,"supplementaries:present_orange":1,"gobber2:gobber2_gooey_beef":1,"minecraft:wheat_seeds":34,"create_new_age:magnetite_block":2,"supplementaries:bellows":1,"minecraft:iron_ingot":58,"minecraft:bamboo":4,"minecraft:gray_bed":2,"byg:jacaranda_log":9,"minecraft:oak_planks":5,"gobber2:gobber2_gooey_bread":2,"minecraft:pumpkin":8,"create:cuckoo_clock":1,"byg:jacaranda_planks":1,"minecraft:sand":1,"createindustry:raw_lithium":7,"minecraft:white_bed":1,"regions_unexplored:chalk":1,"byg:palm_planks":1,"minecraft:spider_eye":2,"supplementaries:clock_block":1,"minecraft:oak_wood":5,"minecraft:pumpkin_seeds":6,"minecraft:diamond":2,"minecraft:iron_helmet":1,"minecraft:emerald":5,"onlyhammersandexcavators:stone_hammer":1,"tombstone:magic_scroll":1,"minecraft:black_wool":1,"minecraft:coal":24,"gobber2:gobber2_goo":1},"minecraft:dropped":{"minecraft:iron_ingot":58,"minecraft:wheat_seeds":2,"minecraft:diamond":6,"minecraft:coal":10,"minecraft:wooden_sword":1,"minecraft:white_wool":3,"delightful:cantaloupe_slice":1,"minecraft:iron_nugget":8,"minecraft:stone_sword":2,"onlyhammersandexcavators:stone_hammer":1,"minecraft:raw_iron":12,"minecraft:rotten_flesh":2,"minecraft:oak_planks":5,"supplementaries:antique_ink":1,"createcafe:cassava_seeds":2,"supplementaries:flax_seeds":16,"simplevoiceradio:radio_item":1,"minecraft:beef":4,"minecraft:wooden_pickaxe":1},"minecraft:broken":{"minecraft:leather_boots":1,"minecraft:iron_helmet":1},"minecraft:crafted":{"byg:jacaranda_planks":36,"delightful:cantaloupe_slice":6,"minecraft:oak_planks":24,"minecraft:iron_nugget":18,"simplevoiceradio:radio_item":2,"onlyhammersandexcavators:stone_hammer":1,"sophisticatedbackpacks:iron_backpack":1,"minecraft:cooked_beef":4,"minecraft:emerald":2,"minecraft:crafting_table":2,"minecraft:wooden_pickaxe":1,"sophisticatedbackpacks:gold_backpack":2,"minecraft:air":0,"minecraft:jungle_planks":12,"minecraft:stick":24,"minecraft:iron_pickaxe":1,"minecraft:stone_sword":1,"minecraft:white_bed":2,"minecraft:redstone_torch":2},"minecraft:mined":{"create:zinc_ore":4,"minecraft:tuff":22,"minecraft:white_bed":1,"regions_unexplored:barley":44,"minecraft:deepslate_diamond_ore":2,"byg:palm_crafting_table":3,"minecraft:jungle_leaves":7,"minecraft:ladder":2,"biomesoplenty:bush":1,"minecraft:spruce_fence":1,"minecraft:grass_block":5,"byg:jacaranda_log":9,"byg:purple_sandstone":1,"gobber2:gobber2_lucky_block":4,"minecraft:jungle_log":2,"create_new_age:thorium_ore":2,"minecraft:hay_block":1,"minecraft:redstone_ore":3,"minecraft:iron_ore":11,"minecraft:andesite":11,"byg:flowering_jacaranda_leaves":2,"minecraft:pumpkin":8,"supplementaries:bellows":1,"byg:indigo_jacaranda_leaves":6,"minecraft:deepslate_iron_ore":2,"minecraft:vine":4,"regions_unexplored:medium_grass":4,"minecraft:bamboo":2,"goodending:balmy_wildflowers":1,"minecraft:stone":579,"minecraft:podzol":1,"regions_unexplored:chalk_grass_block":1,"minecraft:deepslate_redstone_ore":3,"extradelight:cinnamon_leaves":1,"creatingspace:nickel_ore":6,"minecraft:red_bed":2,"supplementaries:present_orange":1,"create_new_age:magnetite_block":2,"minecraft:torch":3,"minecraft:emerald_ore":5,"minecraft:oak_wood":5,"minecraft:calcite":7,"minecraft:melon":3,"minecraft:tall_grass":14,"minecraft:cobblestone":6,"byg:blue_sandstone":5,"minecraft:diorite":12,"create:cuckoo_clock":1,"minecraft:wall_torch":1,"supplementaries:urn":2,"byg:jacaranda_leaves":13,"farmersdelight:sandy_shrub":1,"minecraft:coarse_dirt":1,"delightful:cantaloupe":1,"minecraft:gray_bed":2,"byg:jacaranda_planks":2,"byg:leaf_pile":1,"minecraft:grass":26,"minecraft:oak_log":20,"minecraft:coal_ore":19,"createindustry:deepslate_lithium_ore":8,"minecraft:sand":1,"minecraft:dirt":35,"byg:peat":2,"minecraft:piston":3,"supplementaries:clock_block":1,"minecraft:deepslate":13},"minecraft:killed":{"minecraft:cave_spider":1,"minecraft:spider":9,"minecraft:skeleton":2,"alexsmobs:leafcutter_ant":3,"minecraft:wolf":1,"minecraft:creeper":1,"minecraft:sheep":10,"minecraft:zombie":19,"minecraft:cow":2},"minecraft:used":{"minecraft:stone_sword":176,"minecraft:shield":1,"byg:palm_crafting_table":2,"minecraft:torch":5,"minecraft:dirt":32,"minecraft:iron_axe":111,"create_new_age:magnetite_block":1,"onlyhammersandexcavators:stone_hammer":410,"minecraft:gray_bed":2,"tombstone:gift":7,"onlyhammersandexcavators:iron_hammer":305,"minecraft:cooked_beef":4,"minecraft:baked_potato":11,"minecraft:oak_planks":4,"minecraft:wooden_pickaxe":4,"minecraft:crafting_table":2,"minecraft:red_bed":1,"minecraft:white_bed":2,"minecraft:melon_slice":76,"minecraft:bread":6,"minecraft:iron_pickaxe":101,"delightful:cantaloupe_slice":15,"minecraft:wooden_sword":41,"minecraft:cobblestone":191,"alexsmobs:animal_dictionary":1,"byg:jacaranda_planks":36}},"DataVersion":3120}