{"stats":{"minecraft:crafted":{"byg:jacaranda_planks":80,"minecraft:iron_axe":1,"minecraft:stick":8,"minecraft:wooden_pickaxe":1,"minecraft:stone_pickaxe":1,"byg:jacaranda_crafting_table":1},"minecraft:custom":{"minecraft:time_since_rest":18355,"minecraft:sprint_one_cm":125311,"minecraft:damage_taken":808,"minecraft:walk_one_cm":69091,"minecraft:mob_kills":17,"minecraft:drop":2,"minecraft:damage_dealt":2913,"minecraft:interact_with_crafting_table":5,"minecraft:damage_dealt_absorbed":30,"minecraft:swim_one_cm":7623,"minecraft:fly_one_cm":205923,"minecraft:crouch_one_cm":514,"minecraft:play_time":32110,"tombstone:undead_killed":7,"minecraft:deaths":1,"minecraft:sneak_time":116,"minecraft:walk_under_water_one_cm":2231,"minecraft:jump":804,"minecraft:walk_on_water_one_cm":2651,"minecraft:time_since_death":18633,"minecraft:climb_one_cm":3691,"minecraft:total_world_time":32110,"minecraft:fall_one_cm":20526},"minecraft:used":{"minecraft:beetroot":2,"minecraft:iron_axe":25,"minecraft:bread":9,"minecraft:stone_pickaxe":5,"minecraft:wooden_pickaxe":10,"farmersdelight:cabbage":3,"byg:jacaranda_crafting_table":4,"farmersdelight:onion":15,"minecraft:wooden_sword":35,"minecraft:sand":2,"tombstone:gift":1,"alexsmobs:animal_dictionary":1,"quark:glass_item_frame":1},"minecraft:killed":{"minecraft:skeleton":1,"alexsmobs:catfish":1,"minecraft:pig":3,"minecraft:zombie":6,"alexsmobs:gazelle":3,"alexsmobs:kangaroo":1,"minecraft:cow":3},"minecraft:picked_up":{"sophisticatedbackpacks:gold_backpack":1,"minecraft:allium":2,"minecraft:leather":5,"minecraft:torch":2,"quark:glass_item_frame":1,"minecraft:porkchop":5,"minecraft:sand":2,"minecraft:grass_block":1,"alexsmobs:kangaroo_hide":1,"alexsmobs:raw_catfish":2,"minecraft:beetroot":2,"minecraft:arrow":1,"minecraft:rotten_flesh":12,"minecraft:beetroot_seeds":11,"byg:jacaranda_crafting_table":4,"farmersdelight:onion":17,"farmersdelight:cabbage":3,"minecraft:beef":6,"minecraft:iron_ingot":1,"byg:jacaranda_log":20,"minecraft:mutton":1,"alexsmobs:kangaroo_meat":1,"minecraft:coal":1,"farmersdelight:cabbage_seeds":10,"minecraft:cobblestone":14},"minecraft:killed_by":{"minecraft:zombie":1},"minecraft:mined":{"farmersdelight:wild_beetroots":12,"farmersdelight:wild_onions":2,"farmersdelight:sandy_shrub":5,"farmersdelight:onions":5,"minecraft:grass":2,"byg:jacaranda_log":8,"minecraft:sand":2,"byg:jacaranda_crafting_table":4,"minecraft:deepslate_coal_ore":1,"farmersdelight:wild_cabbages":12,"minecraft:stone":14},"minecraft:dropped":{"minecraft:wooden_sword":1,"minecraft:pumpkin_seeds":4}},"DataVersion":3120}