{"stats":{"minecraft:crafted":{"byg:jacaranda_planks":80,"minecraft:iron_axe":1,"minecraft:stick":8,"minecraft:wooden_pickaxe":1,"minecraft:stone_pickaxe":1,"byg:jacaranda_crafting_table":1},"minecraft:custom":{"minecraft:time_since_rest":6355,"minecraft:sprint_one_cm":63132,"minecraft:damage_taken":718,"minecraft:walk_one_cm":48168,"minecraft:mob_kills":6,"minecraft:drop":2,"minecraft:damage_dealt":1653,"minecraft:interact_with_crafting_table":4,"minecraft:damage_dealt_absorbed":30,"minecraft:swim_one_cm":734,"minecraft:fly_one_cm":58741,"minecraft:crouch_one_cm":129,"minecraft:play_time":20110,"tombstone:undead_killed":7,"minecraft:deaths":1,"minecraft:sneak_time":16,"minecraft:walk_under_water_one_cm":1041,"minecraft:jump":285,"minecraft:walk_on_water_one_cm":1140,"minecraft:time_since_death":6633,"minecraft:climb_one_cm":3577,"minecraft:total_world_time":20110,"minecraft:fall_one_cm":6326},"minecraft:used":{"minecraft:iron_axe":1,"minecraft:bread":7,"minecraft:stone_pickaxe":4,"minecraft:wooden_pickaxe":10,"byg:jacaranda_crafting_table":3,"minecraft:wooden_sword":35,"minecraft:sand":1,"tombstone:gift":1,"alexsmobs:animal_dictionary":1},"minecraft:killed":{"minecraft:skeleton":1,"minecraft:zombie":6},"minecraft:picked_up":{"sophisticatedbackpacks:gold_backpack":1,"minecraft:torch":1,"minecraft:sand":2,"minecraft:grass_block":1,"minecraft:arrow":1,"minecraft:rotten_flesh":12,"byg:jacaranda_crafting_table":2,"minecraft:iron_ingot":1,"byg:jacaranda_log":20,"minecraft:cobblestone":14},"minecraft:killed_by":{"minecraft:zombie":1},"minecraft:mined":{"minecraft:grass":1,"byg:jacaranda_log":8,"minecraft:sand":2,"byg:jacaranda_crafting_table":2,"minecraft:stone":14},"minecraft:dropped":{"minecraft:wooden_sword":1,"minecraft:pumpkin_seeds":4}},"DataVersion":3120}