{"stats":{"minecraft:custom":{"minecraft:mob_kills":36,"minecraft:interact_with_crafting_table":21,"minecraft:open_barrel":13,"minecraft:time_since_death":51195,"minecraft:climb_one_cm":8419,"minecraft:sprint_one_cm":270205,"minecraft:walk_one_cm":153903,"minecraft:drop":6,"minecraft:damage_dealt_absorbed":30,"minecraft:talked_to_villager":2,"minecraft:play_time":86110,"minecraft:sneak_time":329,"minecraft:deaths":2,"minecraft:walk_under_water_one_cm":2800,"minecraft:jump":1515,"minecraft:walk_on_water_one_cm":5201,"minecraft:total_world_time":86110,"minecraft:interact_with_furnace":57,"minecraft:sleep_in_bed":5,"minecraft:time_since_rest":13880,"minecraft:damage_taken":1904,"minecraft:trigger_trapped_chest":2,"minecraft:damage_dealt":5666,"minecraft:swim_one_cm":17212,"minecraft:fly_one_cm":376061,"minecraft:open_chest":6,"minecraft:crouch_one_cm":686,"tombstone:undead_killed":17,"minecraft:fall_one_cm":43335},"minecraft:crafted":{"byg:jacaranda_planks":80,"minecraft:furnace":3,"byg:jacaranda_crafting_table":1,"minecraft:bow":1,"minecraft:iron_boots":1,"minecraft:iron_axe":1,"minecraft:stone_pickaxe":1,"minecraft:wheat":9,"sophisticatedbackpacks:backpack":1,"minecraft:wooden_pickaxe":1,"minecraft:iron_helmet":1,"minecraft:bucket":2,"sophisticatedbackpacks:upgrade_base":1,"minecraft:bread":3,"minecraft:air":0,"minecraft:iron_chestplate":1,"minecraft:stick":20,"minecraft:iron_ingot":94,"minecraft:iron_pickaxe":2,"minecraft:iron_leggings":1,"everycomp:q/byg/jacaranda_chest":1,"minecraft:torch":32},"minecraft:used":{"minecraft:beetroot":2,"farmersdelight:cabbage":3,"minecraft:torch":6,"minecraft:carrot":8,"minecraft:allium":16,"regions_unexplored:barley":3,"minecraft:iron_axe":104,"minecraft:lantern":1,"farmersdelight:rotten_tomato":1,"minecraft:furnace":6,"tombstone:gift":2,"minecraft:potato":6,"minecraft:calcite":1,"minecraft:stone_pickaxe":33,"minecraft:wooden_pickaxe":10,"byg:jacaranda_crafting_table":8,"farmersdelight:onion":25,"minecraft:sand":2,"quark:glass_item_frame":1,"gobber2:gobber2_gooey_beefstew":1,"minecraft:bread":18,"minecraft:iron_pickaxe":191,"minecraft:wooden_sword":35,"minecraft:cobblestone":52,"minecraft:purple_bed":6,"minecraft:bucket":2,"alexsmobs:animal_dictionary":1},"minecraft:killed":{"minecraft:spider":3,"minecraft:skeleton":3,"friendsandfoes:mauler":1,"alexsmobs:kangaroo":1,"minecraft:pig":3,"minecraft:sheep":2,"alexsmobs:catfish":1,"minecraft:zombie":14,"alexsmobs:gazelle":3,"minecraft:cow":4},"minecraft:picked_up":{"sophisticatedbackpacks:gold_backpack":1,"creatingspace:raw_nickel":5,"minecraft:allium":16,"minecraft:potion":1,"minecraft:brewing_stand":1,"minecraft:string":1,"supplementaries:globe":1,"minecraft:raw_copper":37,"minecraft:beetroot":2,"farmersdelight:cabbage":3,"minecraft:beef":7,"minecraft:calcite":1,"farmersdelight:cabbage_seeds":10,"minecraft:furnace":7,"minecraft:raw_iron":94,"farmersdelight:rotten_tomato":1,"minecraft:torch":3,"minecraft:bowl":36,"simplevoiceradio:radio_item":1,"minecraft:porkchop":5,"createcafe:cassava_seeds":2,"tombstone:grave_dust":2,"minecraft:carrot":6,"minecraft:cauldron":1,"regions_unexplored:barley":3,"farmersdelight:tomato_crate":4,"minecraft:arrow":6,"minecraft:rotten_flesh":19,"minecraft:beetroot_seeds":11,"farmersdelight:onion":53,"minecraft:hay_block":3,"minecraft:mutton":4,"minecraft:cobblestone":51,"alexsmobs:kangaroo_meat":1,"minecraft:white_wool":3,"farmersdelight:onion_crate":1,"minecraft:leather":5,"gobber2:gobber2_gooey_beefstew":1,"minecraft:potato":44,"create:raw_zinc":6,"farmersdelight:tomato":11,"minecraft:lantern":1,"minecraft:bone":4,"farmersdelight:cooking_pot":1,"minecraft:bow":2,"byg:jacaranda_crafting_table":8,"gobber2:gobber2_gooey_beef":1,"minecraft:wheat_seeds":2,"minecraft:iron_ingot":1,"byg:jacaranda_log":20,"minecraft:book":54,"supplementaries:sack":1,"quark:glass_item_frame":1,"minecraft:sand":2,"minecraft:grass_block":1,"minecraft:spider_eye":1,"alexsmobs:raw_catfish":2,"alexsmobs:kangaroo_hide":1,"minecraft:purple_bed":7,"minecraft:bread":6,"minecraft:emerald":1,"minecraft:coal":47,"farmersdelight:stove":1,"gobber2:gobber2_goo":1},"minecraft:killed_by":{"minecraft:zombie":2},"minecraft:mined":{"create:zinc_ore":6,"farmersdelight:onions":16,"regions_unexplored:barley":5,"farmersdelight:tomato_crate":4,"minecraft:brewing_stand":1,"byg:jacaranda_log":8,"creatingspace:deepslate_nickel_ore":5,"farmersdelight:wild_cabbages":12,"quark:acacia_bookshelf":2,"minecraft:hay_block":4,"farmersdelight:wild_onions":9,"minecraft:furnace":7,"minecraft:iron_ore":86,"minecraft:bookshelf":6,"minecraft:deepslate_iron_ore":8,"minecraft:water_cauldron":1,"byg:apple_fruit_block":1,"minecraft:stone":49,"farmersdelight:cooking_pot":1,"quark:blossom_bookshelf":5,"quark:spruce_bookshelf":5,"minecraft:torch":1,"minecraft:emerald_ore":1,"minecraft:calcite":1,"supplementaries:sack":1,"farmersdelight:onion_crate":1,"minecraft:tall_grass":1,"minecraft:copper_ore":9,"minecraft:cobblestone":3,"minecraft:deepslate_coal_ore":16,"minecraft:deepslate_copper_ore":3,"supplementaries:urn":1,"farmersdelight:wild_beetroots":12,"minecraft:purple_bed":7,"farmersdelight:sandy_shrub":5,"gobber2:gobber2_lucky_block_deepslate":3,"minecraft:grass":6,"minecraft:coal_ore":31,"minecraft:sand":2,"farmersdelight:stove":1,"byg:jacaranda_crafting_table":8},"minecraft:dropped":{"minecraft:wooden_sword":1,"minecraft:pumpkin_seeds":4,"minecraft:potato":20,"minecraft:leather_boots":1,"minecraft:stone_pickaxe":1,"minecraft:wooden_pickaxe":1}},"DataVersion":3120}