{"stats":{"minecraft:custom":{"minecraft:interact_with_furnace":20,"minecraft:mob_kills":31,"minecraft:interact_with_crafting_table":10,"minecraft:open_barrel":12,"minecraft:time_since_death":27195,"minecraft:sleep_in_bed":4,"minecraft:climb_one_cm":8419,"minecraft:time_since_rest":4088,"minecraft:sprint_one_cm":212571,"minecraft:walk_one_cm":125528,"minecraft:damage_taken":1633,"minecraft:trigger_trapped_chest":2,"minecraft:drop":3,"minecraft:damage_dealt":4978,"minecraft:talked_to_villager":2,"minecraft:damage_dealt_absorbed":30,"minecraft:swim_one_cm":7623,"minecraft:fly_one_cm":306771,"minecraft:open_chest":4,"minecraft:crouch_one_cm":623,"minecraft:play_time":62110,"tombstone:undead_killed":13,"minecraft:deaths":2,"minecraft:sneak_time":283,"minecraft:walk_under_water_one_cm":2231,"minecraft:jump":1226,"minecraft:walk_on_water_one_cm":2677,"minecraft:total_world_time":62110,"minecraft:fall_one_cm":29861},"minecraft:crafted":{"byg:jacaranda_planks":80,"minecraft:wooden_pickaxe":1,"minecraft:furnace":1,"byg:jacaranda_crafting_table":1,"minecraft:bucket":1,"minecraft:bread":3,"minecraft:air":0,"minecraft:iron_axe":1,"minecraft:stick":8,"minecraft:iron_ingot":16,"minecraft:iron_pickaxe":1,"minecraft:stone_pickaxe":1,"minecraft:iron_leggings":1,"minecraft:wheat":9},"minecraft:used":{"minecraft:calcite":1,"minecraft:beetroot":2,"minecraft:stone_pickaxe":33,"minecraft:wooden_pickaxe":10,"farmersdelight:cabbage":3,"byg:jacaranda_crafting_table":6,"minecraft:torch":1,"farmersdelight:onion":25,"minecraft:sand":2,"minecraft:carrot":8,"minecraft:allium":16,"quark:glass_item_frame":1,"regions_unexplored:barley":3,"gobber2:gobber2_gooey_beefstew":1,"minecraft:iron_axe":90,"minecraft:bread":11,"minecraft:iron_pickaxe":26,"minecraft:wooden_sword":35,"minecraft:cobblestone":2,"minecraft:purple_bed":5,"minecraft:furnace":2,"tombstone:gift":2,"alexsmobs:animal_dictionary":1,"minecraft:potato":6},"minecraft:killed":{"minecraft:pig":3,"minecraft:spider":3,"minecraft:sheep":2,"minecraft:skeleton":3,"alexsmobs:catfish":1,"minecraft:zombie":10,"friendsandfoes:mauler":1,"alexsmobs:gazelle":3,"alexsmobs:kangaroo":1,"minecraft:cow":4},"minecraft:picked_up":{"sophisticatedbackpacks:gold_backpack":1,"creatingspace:raw_nickel":5,"minecraft:allium":16,"farmersdelight:onion_crate":1,"gobber2:gobber2_gooey_beefstew":1,"minecraft:leather":5,"minecraft:potato":44,"minecraft:potion":1,"minecraft:brewing_stand":1,"minecraft:lantern":1,"farmersdelight:tomato":11,"minecraft:string":1,"supplementaries:globe":1,"minecraft:raw_copper":3,"minecraft:bone":2,"minecraft:beetroot":2,"farmersdelight:cooking_pot":1,"byg:jacaranda_crafting_table":6,"minecraft:bow":1,"gobber2:gobber2_gooey_beef":1,"minecraft:wheat_seeds":2,"farmersdelight:cabbage":3,"minecraft:iron_ingot":1,"minecraft:beef":7,"minecraft:calcite":1,"byg:jacaranda_log":20,"minecraft:book":54,"farmersdelight:cabbage_seeds":10,"minecraft:furnace":3,"minecraft:raw_iron":25,"supplementaries:sack":1,"farmersdelight:rotten_tomato":1,"minecraft:bowl":36,"minecraft:torch":3,"quark:glass_item_frame":1,"createcafe:cassava_seeds":2,"simplevoiceradio:radio_item":1,"minecraft:porkchop":5,"minecraft:sand":2,"minecraft:carrot":6,"minecraft:grass_block":1,"minecraft:cauldron":1,"minecraft:spider_eye":1,"minecraft:purple_bed":6,"farmersdelight:tomato_crate":4,"regions_unexplored:barley":3,"alexsmobs:raw_catfish":2,"alexsmobs:kangaroo_hide":1,"minecraft:arrow":5,"minecraft:rotten_flesh":15,"minecraft:beetroot_seeds":11,"farmersdelight:onion":53,"minecraft:hay_block":3,"minecraft:bread":6,"gobber2:gobber2_goo":1,"farmersdelight:stove":1,"minecraft:mutton":4,"minecraft:coal":7,"alexsmobs:kangaroo_meat":1,"minecraft:white_wool":3,"minecraft:cobblestone":18},"minecraft:killed_by":{"minecraft:zombie":2},"minecraft:mined":{"farmersdelight:cooking_pot":1,"farmersdelight:onions":16,"quark:blossom_bookshelf":5,"regions_unexplored:barley":5,"farmersdelight:tomato_crate":4,"minecraft:brewing_stand":1,"quark:spruce_bookshelf":5,"minecraft:torch":1,"minecraft:calcite":1,"byg:jacaranda_log":8,"creatingspace:deepslate_nickel_ore":5,"supplementaries:sack":1,"farmersdelight:onion_crate":1,"minecraft:cobblestone":2,"minecraft:tall_grass":1,"minecraft:deepslate_coal_ore":6,"farmersdelight:wild_cabbages":12,"quark:acacia_bookshelf":2,"supplementaries:urn":1,"minecraft:deepslate_copper_ore":1,"minecraft:purple_bed":6,"minecraft:hay_block":4,"farmersdelight:wild_beetroots":12,"farmersdelight:wild_onions":9,"farmersdelight:sandy_shrub":5,"minecraft:furnace":3,"minecraft:iron_ore":25,"minecraft:bookshelf":6,"gobber2:gobber2_lucky_block_deepslate":3,"minecraft:water_cauldron":1,"minecraft:grass":6,"minecraft:coal_ore":1,"minecraft:sand":2,"byg:apple_fruit_block":1,"farmersdelight:stove":1,"byg:jacaranda_crafting_table":6,"minecraft:stone":16},"minecraft:dropped":{"minecraft:pumpkin_seeds":4,"minecraft:potato":20,"minecraft:wooden_sword":1}},"DataVersion":3120}