{"stats":{"minecraft:custom":{"minecraft:interact_with_furnace":19,"minecraft:mob_kills":30,"minecraft:interact_with_crafting_table":9,"minecraft:time_since_death":15195,"minecraft:climb_one_cm":8419,"minecraft:time_since_rest":13209,"minecraft:sprint_one_cm":178741,"minecraft:walk_one_cm":101694,"minecraft:damage_taken":1557,"minecraft:drop":3,"minecraft:damage_dealt":4778,"minecraft:damage_dealt_absorbed":30,"minecraft:swim_one_cm":7623,"minecraft:fly_one_cm":289740,"minecraft:crouch_one_cm":623,"minecraft:play_time":50110,"tombstone:undead_killed":12,"minecraft:deaths":2,"minecraft:sneak_time":283,"minecraft:walk_under_water_one_cm":2231,"minecraft:jump":1153,"minecraft:walk_on_water_one_cm":2651,"minecraft:total_world_time":50110,"minecraft:fall_one_cm":28758},"minecraft:crafted":{"byg:jacaranda_planks":80,"minecraft:wooden_pickaxe":1,"minecraft:furnace":1,"byg:jacaranda_crafting_table":1,"minecraft:bucket":1,"minecraft:air":0,"minecraft:iron_axe":1,"minecraft:stick":8,"minecraft:iron_ingot":16,"minecraft:iron_pickaxe":1,"minecraft:stone_pickaxe":1,"minecraft:iron_leggings":1},"minecraft:used":{"minecraft:beetroot":2,"minecraft:stone_pickaxe":33,"minecraft:wooden_pickaxe":10,"farmersdelight:cabbage":3,"byg:jacaranda_crafting_table":5,"minecraft:torch":1,"farmersdelight:onion":25,"minecraft:sand":2,"minecraft:carrot":8,"minecraft:allium":2,"quark:glass_item_frame":1,"regions_unexplored:barley":3,"minecraft:iron_axe":55,"minecraft:bread":9,"minecraft:iron_pickaxe":4,"minecraft:wooden_sword":35,"minecraft:cobblestone":2,"minecraft:furnace":1,"tombstone:gift":2,"alexsmobs:animal_dictionary":1,"minecraft:potato":6},"minecraft:killed":{"minecraft:pig":3,"minecraft:spider":3,"minecraft:sheep":2,"minecraft:skeleton":3,"alexsmobs:catfish":1,"minecraft:zombie":9,"friendsandfoes:mauler":1,"alexsmobs:gazelle":3,"alexsmobs:kangaroo":1,"minecraft:cow":4},"minecraft:picked_up":{"sophisticatedbackpacks:gold_backpack":1,"minecraft:allium":2,"minecraft:leather":5,"minecraft:potato":44,"minecraft:string":1,"minecraft:bone":2,"minecraft:beetroot":2,"byg:jacaranda_crafting_table":5,"minecraft:bow":1,"minecraft:wheat_seeds":1,"farmersdelight:cabbage":3,"minecraft:iron_ingot":1,"minecraft:beef":7,"byg:jacaranda_log":20,"farmersdelight:cabbage_seeds":10,"minecraft:furnace":1,"minecraft:raw_iron":25,"minecraft:torch":3,"quark:glass_item_frame":1,"createcafe:cassava_seeds":2,"simplevoiceradio:radio_item":1,"minecraft:porkchop":5,"minecraft:sand":2,"minecraft:carrot":6,"minecraft:grass_block":1,"minecraft:spider_eye":1,"regions_unexplored:barley":3,"alexsmobs:raw_catfish":2,"alexsmobs:kangaroo_hide":1,"minecraft:arrow":5,"minecraft:rotten_flesh":13,"minecraft:beetroot_seeds":11,"farmersdelight:onion":17,"minecraft:mutton":4,"minecraft:coal":2,"alexsmobs:kangaroo_meat":1,"minecraft:white_wool":3,"minecraft:cobblestone":18},"minecraft:killed_by":{"minecraft:zombie":2},"minecraft:mined":{"farmersdelight:onions":5,"regions_unexplored:barley":5,"minecraft:torch":1,"byg:jacaranda_log":8,"minecraft:cobblestone":2,"minecraft:tall_grass":1,"minecraft:deepslate_coal_ore":1,"farmersdelight:wild_cabbages":12,"farmersdelight:wild_beetroots":12,"farmersdelight:wild_onions":2,"farmersdelight:sandy_shrub":5,"minecraft:furnace":1,"minecraft:iron_ore":25,"minecraft:grass":2,"minecraft:coal_ore":1,"minecraft:sand":2,"byg:apple_fruit_block":1,"byg:jacaranda_crafting_table":5,"minecraft:stone":16},"minecraft:dropped":{"minecraft:pumpkin_seeds":4,"minecraft:potato":20,"minecraft:wooden_sword":1}},"DataVersion":3120}