{"stats":{"minecraft:custom":{"minecraft:jump":37,"minecraft:time_since_rest":8110,"minecraft:damage_dealt":40,"minecraft:crouch_one_cm":129,"minecraft:walk_on_water_one_cm":72,"minecraft:sprint_one_cm":12495,"minecraft:play_time":8110,"minecraft:damage_taken":218,"minecraft:time_since_death":8110,"minecraft:walk_one_cm":6789,"minecraft:sneak_time":16,"minecraft:climb_one_cm":1530,"minecraft:total_world_time":8110,"minecraft:walk_under_water_one_cm":770,"minecraft:swim_one_cm":734,"minecraft:interact_with_crafting_table":1,"minecraft:fall_one_cm":590,"minecraft:fly_one_cm":4622},"minecraft:used":{"minecraft:bread":1,"minecraft:wooden_sword":1},"minecraft:picked_up":{"minecraft:grass_block":1}},"DataVersion":3120}