{"stats":{"minecraft:custom":{"minecraft:mob_kills":36,"minecraft:interact_with_crafting_table":27,"minecraft:open_barrel":13,"minecraft:time_since_death":75195,"minecraft:climb_one_cm":8419,"minecraft:sprint_one_cm":299300,"minecraft:walk_one_cm":179187,"minecraft:drop":7,"minecraft:damage_dealt_absorbed":30,"minecraft:talked_to_villager":2,"minecraft:play_time":110110,"minecraft:sneak_time":668,"minecraft:deaths":2,"minecraft:walk_under_water_one_cm":6805,"minecraft:jump":1757,"minecraft:walk_on_water_one_cm":9735,"minecraft:total_world_time":110110,"minecraft:interact_with_furnace":110,"minecraft:sleep_in_bed":5,"minecraft:time_since_rest":37880,"minecraft:damage_taken":1964,"minecraft:trigger_trapped_chest":2,"minecraft:damage_dealt":5666,"minecraft:swim_one_cm":31436,"minecraft:fly_one_cm":416586,"minecraft:open_chest":6,"minecraft:crouch_one_cm":1319,"tombstone:undead_killed":17,"minecraft:fall_one_cm":50391},"minecraft:crafted":{"byg:jacaranda_planks":80,"minecraft:furnace":3,"byg:jacaranda_crafting_table":1,"creatingspace:nickel_ingot":8,"sophisticatedbackpacks:copper_backpack":1,"minecraft:bow":1,"minecraft:iron_boots":1,"minecraft:iron_axe":1,"minecraft:stone_pickaxe":1,"minecraft:copper_block":7,"sophisticatedbackpacks:iron_backpack":1,"minecraft:wheat":9,"sophisticatedbackpacks:backpack":1,"minecraft:wooden_pickaxe":1,"minecraft:iron_helmet":1,"minecraft:copper_ingot":82,"minecraft:bucket":2,"sophisticatedbackpacks:upgrade_base":1,"minecraft:bread":3,"minecraft:air":0,"minecraft:iron_chestplate":1,"minecraft:stick":20,"minecraft:iron_ingot":98,"minecraft:iron_pickaxe":2,"createindustry:lead_ingot":9,"minecraft:iron_leggings":1,"everycomp:q/byg/jacaranda_chest":1,"minecraft:torch":32,"create:zinc_ingot":43},"minecraft:used":{"minecraft:moss_block":1,"minecraft:beetroot":2,"minecraft:moss_carpet":1,"farmersdelight:cabbage":3,"minecraft:torch":14,"minecraft:carrot":8,"minecraft:allium":16,"regions_unexplored:barley":3,"minecraft:iron_axe":137,"minecraft:lantern":1,"minecraft:oak_stairs":3,"farmersdelight:rotten_tomato":1,"minecraft:item_frame":6,"minecraft:furnace":10,"tombstone:gift":2,"minecraft:potato":6,"minecraft:calcite":1,"minecraft:stone_pickaxe":33,"minecraft:wooden_pickaxe":10,"byg:jacaranda_crafting_table":9,"farmersdelight:onion":25,"minecraft:sand":2,"minecraft:oak_slab":2,"quark:glass_item_frame":1,"gobber2:gobber2_gooey_beefstew":1,"minecraft:bread":21,"minecraft:iron_pickaxe":294,"byg:soapstone":4,"minecraft:wooden_sword":35,"minecraft:cobblestone":52,"minecraft:purple_bed":7,"minecraft:bucket":2,"alexsmobs:animal_dictionary":1},"minecraft:killed":{"minecraft:spider":3,"minecraft:skeleton":3,"friendsandfoes:mauler":1,"alexsmobs:kangaroo":1,"minecraft:pig":3,"minecraft:sheep":2,"alexsmobs:catfish":1,"minecraft:zombie":14,"alexsmobs:gazelle":3,"minecraft:cow":4},"minecraft:picked_up":{"sophisticatedbackpacks:gold_backpack":1,"creatingspace:raw_nickel":8,"byg:soapstone":4,"minecraft:allium":16,"minecraft:oak_stairs":3,"minecraft:potion":1,"minecraft:brewing_stand":1,"farmersdelight:cutting_board":1,"minecraft:string":1,"minecraft:moss_carpet":1,"supplementaries:globe":1,"minecraft:raw_copper":79,"minecraft:item_frame":6,"minecraft:beetroot":2,"farmersdelight:cabbage":3,"minecraft:beef":7,"creatingspace:nickel_ingot":1,"createindustry:raw_lead":9,"minecraft:calcite":1,"farmersdelight:cabbage_seeds":10,"minecraft:furnace":8,"minecraft:raw_iron":98,"farmersdelight:rotten_tomato":1,"minecraft:torch":3,"minecraft:bowl":36,"simplevoiceradio:radio_item":1,"minecraft:porkchop":5,"createcafe:cassava_seeds":2,"tombstone:grave_dust":2,"minecraft:carrot":6,"minecraft:cauldron":1,"regions_unexplored:barley":3,"gobber2:gobber2_foo":3,"farmersdelight:tomato_crate":4,"minecraft:arrow":6,"minecraft:rotten_flesh":19,"minecraft:beetroot_seeds":11,"farmersdelight:onion":53,"minecraft:hay_block":3,"minecraft:mutton":4,"minecraft:cobblestone":61,"alexsmobs:kangaroo_meat":1,"minecraft:white_wool":3,"farmersdelight:onion_crate":1,"minecraft:leather":5,"gobber2:gobber2_gooey_beefstew":3,"minecraft:smoker":1,"minecraft:potato":44,"create:raw_zinc":38,"farmersdelight:tomato":11,"minecraft:lantern":1,"minecraft:bone":4,"farmersdelight:cooking_pot":1,"minecraft:bow":2,"byg:jacaranda_crafting_table":9,"gobber2:gobber2_gooey_beef":7,"minecraft:wheat_seeds":2,"minecraft:iron_ingot":1,"minecraft:moss_block":1,"byg:jacaranda_log":20,"gobber2:gobber2_gooey_bread":2,"minecraft:book":54,"minecraft:oak_slab":2,"minecraft:pumpkin":21,"supplementaries:sack":1,"quark:glass_item_frame":1,"minecraft:sand":2,"minecraft:grass_block":1,"minecraft:spider_eye":1,"alexsmobs:raw_catfish":2,"alexsmobs:kangaroo_hide":1,"minecraft:purple_bed":7,"minecraft:bread":6,"minecraft:emerald":1,"minecraft:coal":51,"farmersdelight:stove":1,"gobber2:gobber2_goo":9},"minecraft:broken":{"minecraft:iron_pickaxe":1},"minecraft:killed_by":{"minecraft:zombie":2},"minecraft:mined":{"create:zinc_ore":38,"farmersdelight:onions":16,"regions_unexplored:barley":5,"farmersdelight:tomato_crate":4,"minecraft:brewing_stand":1,"byg:jacaranda_log":8,"gobber2:gobber2_lucky_block":21,"creatingspace:deepslate_nickel_ore":5,"farmersdelight:wild_cabbages":12,"quark:acacia_bookshelf":2,"minecraft:moss_block":1,"minecraft:hay_block":4,"farmersdelight:wild_onions":9,"minecraft:furnace":8,"minecraft:iron_ore":90,"minecraft:pumpkin":21,"createindustry:lead_ore":9,"minecraft:bookshelf":6,"minecraft:deepslate_iron_ore":8,"minecraft:water_cauldron":1,"minecraft:oak_stairs":3,"byg:apple_fruit_block":1,"regions_unexplored:medium_grass":1,"minecraft:stone":59,"farmersdelight:cooking_pot":1,"minecraft:oak_slab":2,"quark:blossom_bookshelf":5,"creatingspace:nickel_ore":3,"minecraft:smoker":1,"quark:spruce_bookshelf":5,"minecraft:torch":1,"minecraft:emerald_ore":1,"minecraft:calcite":1,"supplementaries:sack":1,"farmersdelight:onion_crate":1,"minecraft:tall_grass":1,"minecraft:copper_ore":22,"minecraft:cobblestone":3,"minecraft:deepslate_coal_ore":16,"minecraft:deepslate_copper_ore":3,"supplementaries:urn":1,"farmersdelight:wild_beetroots":12,"byg:soapstone":4,"minecraft:purple_bed":7,"farmersdelight:sandy_shrub":5,"farmersdelight:cutting_board":1,"byg:leaf_pile":1,"gobber2:gobber2_lucky_block_deepslate":3,"minecraft:grass":9,"minecraft:coal_ore":35,"minecraft:sand":2,"farmersdelight:stove":1,"byg:jacaranda_crafting_table":9},"minecraft:dropped":{"minecraft:wooden_sword":1,"minecraft:smoker":1,"minecraft:pumpkin_seeds":4,"minecraft:potato":20,"minecraft:leather_boots":1,"minecraft:stone_pickaxe":1,"minecraft:wooden_pickaxe":1}},"DataVersion":3120}