{"stats":{"minecraft:custom":{"minecraft:mob_kills":59,"minecraft:interact_with_crafting_table":36,"minecraft:open_barrel":16,"minecraft:time_since_death":1209,"minecraft:climb_one_cm":19817,"minecraft:sprint_one_cm":494228,"minecraft:walk_one_cm":308558,"minecraft:damage_blocked_by_shield":40,"minecraft:drop":15,"minecraft:damage_dealt_absorbed":43,"minecraft:talked_to_villager":2,"minecraft:play_time":170110,"minecraft:sneak_time":1296,"minecraft:deaths":6,"minecraft:walk_under_water_one_cm":8022,"minecraft:jump":3101,"minecraft:walk_on_water_one_cm":12210,"minecraft:total_world_time":170110,"minecraft:interact_with_furnace":129,"minecraft:sleep_in_bed":6,"minecraft:time_since_rest":0,"minecraft:damage_taken":4151,"minecraft:trigger_trapped_chest":2,"minecraft:damage_dealt":8156,"minecraft:swim_one_cm":44927,"minecraft:fly_one_cm":710004,"minecraft:open_chest":6,"minecraft:crouch_one_cm":2731,"tombstone:undead_killed":31,"minecraft:fall_one_cm":92485},"minecraft:crafted":{"byg:jacaranda_planks":80,"minecraft:iron_nugget":18,"minecraft:furnace":3,"byg:jacaranda_crafting_table":1,"creatingspace:nickel_ingot":25,"sophisticatedbackpacks:copper_backpack":1,"minecraft:bow":1,"minecraft:iron_boots":1,"create:mechanical_press":1,"minecraft:iron_axe":2,"minecraft:stone_pickaxe":1,"minecraft:copper_block":7,"sophisticatedbackpacks:iron_backpack":1,"minecraft:wheat":9,"create:andesite_alloy":9,"sophisticatedbackpacks:backpack":1,"minecraft:wooden_pickaxe":1,"minecraft:iron_helmet":1,"minecraft:copper_ingot":82,"minecraft:bucket":2,"sophisticatedbackpacks:upgrade_base":1,"minecraft:bread":3,"minecraft:air":0,"create:encased_fan":1,"minecraft:iron_chestplate":1,"minecraft:stick":28,"minecraft:iron_ingot":98,"minecraft:iron_pickaxe":3,"minecraft:iron_block":1,"createindustry:lead_ingot":9,"minecraft:gold_ingot":7,"minecraft:iron_leggings":1,"create:propeller":1,"everycomp:q/byg/jacaranda_chest":1,"create:shaft":8,"minecraft:torch":64,"create:zinc_ingot":56},"minecraft:used":{"minecraft:moss_block":1,"minecraft:beetroot":2,"minecraft:moss_carpet":1,"byg:jacaranda_log":2,"gobber2:gobber2_gooey_bread":3,"minecraft:shield":1,"farmersdelight:cabbage":3,"regions_unexplored:salmonberry":10,"minecraft:torch":38,"minecraft:carrot":8,"minecraft:allium":16,"regions_unexplored:barley":3,"minecraft:lava_bucket":18,"minecraft:iron_axe":236,"minecraft:lantern":1,"minecraft:oak_stairs":3,"farmersdelight:rotten_tomato":1,"gobber2:gobber2_gooey_beef":9,"minecraft:item_frame":6,"minecraft:furnace":16,"tombstone:gift":3,"minecraft:potato":6,"minecraft:calcite":1,"minecraft:stone_pickaxe":33,"minecraft:jungle_fence":1,"minecraft:wooden_pickaxe":10,"byg:jacaranda_crafting_table":11,"minecraft:gold_ore":7,"farmersdelight:onion":25,"minecraft:sand":2,"minecraft:oak_slab":2,"quark:glass_item_frame":1,"tombstone:bag_of_seeds":2,"gobber2:gobber2_gooey_beefstew":1,"create:mechanical_press":1,"minecraft:melon_slice":2,"minecraft:bread":21,"minecraft:iron_pickaxe":583,"byg:soapstone":4,"minecraft:wooden_sword":35,"minecraft:cobblestone":94,"minecraft:purple_bed":8,"create:pink_toolbox":1,"minecraft:bucket":20,"create:hand_crank":1,"alexsmobs:animal_dictionary":1},"minecraft:killed":{"alexsmobs:lobster":7,"minecraft:spider":4,"minecraft:skeleton":5,"friendsandfoes:mauler":1,"alexsmobs:kangaroo":1,"minecraft:pig":3,"minecraft:sheep":2,"alexsmobs:catfish":1,"minecraft:zombie":26,"alexsmobs:gazelle":3,"minecraft:cow":4},"minecraft:picked_up":{"sophisticatedbackpacks:gold_backpack":1,"creatingspace:raw_nickel":25,"create_new_age:thorium":42,"minecraft:wheat":3,"byg:soapstone":4,"minecraft:allium":16,"minecraft:oak_stairs":3,"minecraft:potion":1,"minecraft:brewing_stand":1,"farmersdelight:cutting_board":1,"minecraft:string":1,"minecraft:moss_carpet":2,"supplementaries:globe":1,"minecraft:raw_copper":162,"minecraft:iron_axe":1,"minecraft:item_frame":6,"minecraft:beetroot":2,"create:mechanical_press":1,"farmersdelight:cabbage":3,"minecraft:beef":7,"creatingspace:nickel_ingot":1,"createindustry:raw_lead":9,"minecraft:calcite":1,"minecraft:melon_slice":50,"minecraft:sugar_cane":6,"farmersdelight:cabbage_seeds":10,"minecraft:furnace":17,"minecraft:stick":2,"minecraft:raw_iron":99,"farmersdelight:rotten_tomato":1,"create:andesite_casing":2,"minecraft:acacia_log":1,"minecraft:torch":3,"minecraft:bowl":36,"simplevoiceradio:radio_item":1,"minecraft:porkchop":5,"createcafe:cassava_seeds":2,"farmersdelight:tomato_seeds":8,"create:hand_crank":2,"tombstone:grave_dust":6,"minecraft:carrot":6,"minecraft:redstone":1,"minecraft:cauldron":1,"regions_unexplored:barley":3,"gobber2:gobber2_foo":6,"farmersdelight:tomato_crate":4,"minecraft:arrow":6,"minecraft:rotten_flesh":44,"minecraft:beetroot_seeds":11,"farmersdelight:onion":53,"minecraft:hay_block":3,"supplementaries:ash":1,"minecraft:glow_berries":3,"minecraft:mutton":4,"alexsmobs:lobster_tail":1,"minecraft:cobblestone":98,"alexsmobs:kangaroo_meat":1,"minecraft:white_wool":3,"create:iron_sheet":4,"farmersdelight:onion_crate":1,"minecraft:andesite":82,"minecraft:leather":5,"gobber2:gobber2_gooey_beefstew":4,"minecraft:jungle_fence":1,"minecraft:smoker":1,"minecraft:potato":44,"create:raw_zinc":58,"minecraft:lapis_lazuli":1,"farmersdelight:tomato":19,"minecraft:lantern":1,"minecraft:bone":8,"farmersdelight:cooking_pot":1,"minecraft:bow":2,"byg:jacaranda_crafting_table":11,"gobber2:gobber2_gooey_beef":10,"minecraft:wheat_seeds":7,"minecraft:raw_gold":7,"minecraft:iron_ingot":1,"tombstone:bag_of_seeds":1,"minecraft:moss_block":1,"byg:jacaranda_log":28,"create:mechanical_saw":1,"gobber2:gobber2_gooey_bread":6,"minecraft:book":54,"minecraft:oak_slab":2,"minecraft:pumpkin":21,"supplementaries:sack":1,"regions_unexplored:salmonberry":13,"quark:glass_item_frame":1,"minecraft:sand":2,"minecraft:grass_block":1,"minecraft:spider_eye":1,"minecraft:leather_helmet":1,"alexsmobs:raw_catfish":2,"alexsmobs:kangaroo_hide":1,"minecraft:purple_bed":8,"minecraft:bread":6,"minecraft:emerald":1,"tombstone:magic_scroll":1,"minecraft:coal":111,"farmersdelight:stove":1,"gobber2:gobber2_goo":9,"minecraft:cocoa_beans":9},"minecraft:broken":{"minecraft:iron_axe":1,"minecraft:iron_pickaxe":2},"minecraft:killed_by":{"minecraft:zombie":4},"minecraft:mined":{"create:zinc_ore":58,"regions_unexplored:salmonberry_bush":10,"farmersdelight:onions":16,"regions_unexplored:barley":5,"create:andesite_casing":2,"minecraft:jungle_leaves":2,"farmersdelight:tomato_crate":4,"minecraft:brewing_stand":1,"minecraft:acacia_log":1,"byg:jacaranda_log":16,"gobber2:gobber2_lucky_block":32,"creatingspace:deepslate_nickel_ore":5,"create_new_age:thorium_ore":12,"farmersdelight:wild_cabbages":12,"quark:acacia_bookshelf":2,"minecraft:moss_block":1,"minecraft:hay_block":4,"farmersdelight:wild_onions":9,"minecraft:furnace":17,"minecraft:iron_ore":91,"minecraft:fire":23,"minecraft:andesite":82,"minecraft:moss_carpet":1,"minecraft:pumpkin":21,"minecraft:vine":3,"createindustry:lead_ore":9,"minecraft:bookshelf":6,"minecraft:deepslate_iron_ore":8,"minecraft:water_cauldron":1,"minecraft:oak_stairs":3,"byg:apple_fruit_block":1,"regions_unexplored:medium_grass":1,"minecraft:stone":81,"create:mechanical_press":1,"farmersdelight:cooking_pot":1,"minecraft:oak_slab":2,"minecraft:acacia_leaves":16,"quark:blossom_bookshelf":5,"creatingspace:nickel_ore":20,"minecraft:smoker":1,"quark:spruce_bookshelf":5,"minecraft:torch":1,"minecraft:emerald_ore":1,"minecraft:calcite":1,"minecraft:melon":8,"supplementaries:sack":1,"farmersdelight:onion_crate":1,"minecraft:tall_grass":1,"minecraft:copper_ore":47,"minecraft:cobblestone":18,"minecraft:deepslate_coal_ore":16,"farmersdelight:wild_tomatoes":8,"minecraft:sugar_cane":2,"create:mechanical_saw":1,"minecraft:deepslate_copper_ore":3,"supplementaries:urn":1,"farmersdelight:wild_beetroots":12,"byg:soapstone":4,"minecraft:purple_bed":8,"farmersdelight:sandy_shrub":5,"farmersdelight:cutting_board":1,"byg:leaf_pile":1,"minecraft:jungle_fence":1,"gobber2:gobber2_lucky_block_deepslate":3,"minecraft:grass":12,"minecraft:coal_ore":94,"minecraft:cocoa":3,"create:hand_crank":1,"minecraft:sand":2,"farmersdelight:stove":1,"byg:jacaranda_crafting_table":11,"minecraft:gold_ore":7,"minecraft:oak_leaves":4,"minecraft:fern":8},"minecraft:dropped":{"supplementaries:sign_post_jungle":1,"minecraft:jungle_planks":1,"minecraft:acacia_log":1,"minecraft:jungle_slab":2,"minecraft:wooden_sword":1,"minecraft:iron_axe":1,"minecraft:moss_carpet":1,"minecraft:stone_sword":1,"minecraft:smoker":1,"minecraft:pumpkin_seeds":4,"minecraft:potato":20,"minecraft:leather_boots":1,"minecraft:stone_pickaxe":1,"minecraft:wooden_pickaxe":1,"minecraft:iron_ingot":4}},"DataVersion":3120}