{"stats":{"minecraft:killed":{"minecraft:spider":1,"alexsmobs:seagull":1,"minecraft:creeper":1},"minecraft:used":{"minecraft:wooden_sword":18,"minecraft:dirt":11,"minecraft:bread":7},"minecraft:custom":{"minecraft:time_since_rest":21152,"minecraft:crouch_one_cm":3399,"minecraft:play_time":21152,"minecraft:sprint_one_cm":44381,"minecraft:damage_taken":264,"minecraft:walk_one_cm":18918,"minecraft:sneak_time":811,"minecraft:walk_under_water_one_cm":1265,"minecraft:mob_kills":4,"minecraft:jump":382,"minecraft:damage_dealt":478,"minecraft:leave_game":1,"minecraft:walk_on_water_one_cm":227,"minecraft:time_since_death":21152,"minecraft:total_world_time":21152,"minecraft:climb_one_cm":3466,"minecraft:fall_one_cm":11481,"minecraft:fly_one_cm":97543},"minecraft:mined":{"minecraft:grass":3,"minecraft:grass_block":1,"minecraft:melon":2,"minecraft:dirt":4,"delightful:cantaloupe":1,"minecraft:fern":3},"minecraft:picked_up":{"minecraft:chicken":1,"minecraft:feather":2,"createcafe:coffee_beans":1,"minecraft:wheat_seeds":1,"delightful:cantaloupe":1,"minecraft:bread":3,"minecraft:poppy":2,"minecraft:gunpowder":2,"minecraft:melon_slice":10,"minecraft:string":2,"minecraft:spider_eye":1,"minecraft:dirt":21,"minecraft:egg":1}},"DataVersion":3120}