{"stats":{"minecraft:custom":{"minecraft:time_since_rest":17156,"minecraft:sprint_one_cm":92832,"minecraft:damage_taken":957,"minecraft:walk_one_cm":50039,"minecraft:damage_blocked_by_shield":185,"minecraft:mob_kills":14,"minecraft:drop":1,"minecraft:damage_dealt":2160,"minecraft:fly_one_cm":205154,"minecraft:play_time":42774,"minecraft:crouch_one_cm":5073,"tombstone:undead_killed":7,"minecraft:deaths":1,"minecraft:sneak_time":1204,"minecraft:walk_under_water_one_cm":1265,"minecraft:jump":839,"minecraft:leave_game":3,"minecraft:time_since_death":18582,"minecraft:walk_on_water_one_cm":227,"minecraft:climb_one_cm":7601,"minecraft:total_world_time":42774,"minecraft:fall_one_cm":22221},"minecraft:used":{"minecraft:melon_slice":9,"minecraft:bread":9,"minecraft:shield":2,"minecraft:wooden_sword":61,"minecraft:dirt":11},"minecraft:killed":{"minecraft:skeleton":1,"alexsmobs:hummingbird":1,"minecraft:zombie":6,"minecraft:spider":2,"alexsmobs:seagull":2,"minecraft:creeper":1},"minecraft:picked_up":{"minecraft:feather":4,"minecraft:chicken":1,"delightful:cantaloupe":1,"tombstone:grave_dust":3,"minecraft:gunpowder":2,"minecraft:string":3,"minecraft:dirt":21,"minecraft:spider_eye":1,"minecraft:wooden_sword":1,"minecraft:arrow":1,"minecraft:rotten_flesh":5,"createcafe:coffee_beans":1,"minecraft:wheat_seeds":1,"regions_unexplored:redwood_shrub":1,"minecraft:bread":5,"minecraft:poppy":2,"minecraft:melon_slice":11,"minecraft:egg":1},"minecraft:broken":{"minecraft:wooden_sword":1},"minecraft:mined":{"regions_unexplored:redwood_shrub":1,"delightful:cantaloupe":1,"minecraft:jungle_leaves":1,"regions_unexplored:sandy_grass":2,"minecraft:grass":3,"minecraft:grass_block":1,"minecraft:melon":2,"minecraft:dirt":4,"minecraft:fern":4},"minecraft:dropped":{"minecraft:wooden_sword":1}},"DataVersion":3120}