{"stats":{"minecraft:used":{"minecraft:bread":2,"minecraft:dirt":2,"minecraft:wooden_sword":3},"minecraft:custom":{"minecraft:jump":8,"minecraft:time_since_rest":9208,"minecraft:damage_dealt":88,"minecraft:crouch_one_cm":1685,"minecraft:sprint_one_cm":2449,"minecraft:leave_game":1,"minecraft:play_time":9208,"minecraft:damage_taken":150,"minecraft:time_since_death":9208,"minecraft:walk_one_cm":6195,"minecraft:climb_one_cm":208,"minecraft:sneak_time":348,"minecraft:total_world_time":9208,"minecraft:mob_kills":1,"minecraft:fall_one_cm":1025,"minecraft:fly_one_cm":1014},"minecraft:mined":{"minecraft:dirt":3},"minecraft:picked_up":{"minecraft:dirt":3}},"DataVersion":3120}