{"stats":{"minecraft:crafted":{"minecraft:oak_planks":4,"create_sa:copper_chestplate":1,"minecraft:cooked_chicken":2,"quark:jungle_chest":2,"minecraft:furnace":3,"create_sa:copper_helmet":1,"minecraft:stone_pickaxe":1,"create_sa:copper_leggings":1,"minecraft:crafting_table":4,"minecraft:jungle_boat":2,"minecraft:wooden_pickaxe":1,"minecraft:baked_potato":16,"minecraft:copper_ingot":35,"minecraft:stone_axe":1,"minecraft:air":0,"minecraft:jungle_planks":88,"create_sa:copper_boots":1,"farmersdelight:fried_egg":1,"minecraft:jungle_door":3,"minecraft:stick":12,"minecraft:iron_pickaxe":1,"minecraft:iron_ingot":3,"minecraft:wooden_axe":1,"create_sa:copper_sword":1,"createmetallurgy:coke":1,"minecraft:torch":4,"create:zinc_ingot":23},"minecraft:custom":{"minecraft:interact_with_smithing_table":1,"minecraft:mob_kills":42,"minecraft:interact_with_crafting_table":24,"minecraft:open_barrel":5,"minecraft:leave_game":6,"minecraft:time_since_death":44142,"minecraft:climb_one_cm":15357,"minecraft:sprint_one_cm":278253,"minecraft:walk_one_cm":175092,"minecraft:damage_blocked_by_shield":225,"minecraft:drop":5,"minecraft:talked_to_villager":3,"minecraft:play_time":153382,"minecraft:deaths":5,"minecraft:sneak_time":7854,"minecraft:walk_under_water_one_cm":36340,"minecraft:boat_one_cm":10200,"minecraft:jump":2477,"minecraft:walk_on_water_one_cm":26281,"minecraft:total_world_time":153382,"minecraft:interact_with_furnace":48,"minecraft:time_since_rest":43729,"minecraft:damage_taken":2657,"minecraft:damage_dealt":6127,"minecraft:swim_one_cm":91255,"minecraft:fly_one_cm":535312,"minecraft:player_kills":1,"minecraft:open_chest":18,"minecraft:crouch_one_cm":22329,"tombstone:undead_killed":16,"minecraft:fall_one_cm":71532,"minecraft:inspect_dispenser":4},"minecraft:used":{"minecraft:beetroot":4,"quark:jungle_chest":2,"minecraft:shield":3,"minecraft:cooked_chicken":2,"minecraft:torch":12,"minecraft:dirt":21,"minecraft:mutton":8,"minecraft:carrot":3,"minecraft:wooden_axe":46,"alexsmobs:maggot":1,"miners_delight:tentacles":2,"minecraft:furnace":5,"alexsmobs:banana":2,"tombstone:gift":4,"farmersdelight:fried_egg":1,"minecraft:stone_pickaxe":65,"minecraft:baked_potato":7,"minecraft:wooden_pickaxe":6,"minecraft:jungle_boat":4,"minecraft:crafting_table":8,"culturaldelights:squid":1,"byg:white_puffball_cap":1,"minecraft:melon_slice":9,"minecraft:bread":9,"create_sa:copper_sword":15,"minecraft:iron_pickaxe":209,"alexsmobs:kangaroo_meat":2,"tombstone:magic_scroll":1,"minecraft:stone_axe":40,"minecraft:wooden_sword":61,"minecraft:porkchop":4,"minecraft:jungle_door":9,"delightful:cantaloupe":1,"minecraft:splash_potion":1},"minecraft:killed":{"alexsmobs:hummingbird":1,"minecraft:spider":3,"alexsmobs:seagull":2,"minecraft:skeleton":2,"minecraft:chicken":1,"alexsmobs:kangaroo":1,"minecraft:pig":2,"minecraft:creeper":1,"minecraft:sheep":3,"cataclysm:deepling_brute":1,"minecraft:zombie":14,"alexsmobs:gazelle":7,"alexsmobs:fly":3},"minecraft:picked_up":{"minecraft:cocoa_beans":12,"minecraft:crafting_table":5,"byg:soapstone":14,"create_new_age:thorium":15,"minecraft:chicken":2,"minecraft:enchanted_book":2,"minecraft:raw_copper":77,"alexsmobs:gazelle_horn":2,"minecraft:string":3,"minecraft:wooden_sword":1,"minecraft:beetroot":4,"alexsmobs:banana":2,"minecraft:poppy":2,"minecraft:melon_slice":11,"farmersdelight:cabbage_seeds":1,"minecraft:egg":1,"minecraft:furnace":2,"minecraft:raw_iron":20,"minecraft:jungle_door":8,"miners_delight:tentacles":36,"minecraft:torch":12,"simplevoiceradio:radio_item":1,"minecraft:porkchop":4,"tombstone:grave_dust":3,"minecraft:carrot":2,"gobber2:gobber2_foo":3,"minecraft:arrow":1,"minecraft:rotten_flesh":10,"createcafe:coffee_beans":3,"minecraft:beetroot_seeds":14,"culturaldelights:squid":19,"minecraft:mutton":8,"byg:white_puffball_spores":2,"minecraft:white_wool":3,"alexsmobs:kangaroo_meat":2,"minecraft:cobblestone":129,"minecraft:jungle_boat":3,"minecraft:feather":5,"minecraft:jungle_log":22,"minecraft:potato":33,"alexsmobs:cachalot_whale_tooth":1,"delightful:cantaloupe":1,"create:raw_zinc":39,"minecraft:oak_log":1,"byg:white_puffball_cap":1,"minecraft:gunpowder":2,"minecraft:dirt":21,"minecraft:bone":2,"gobber2:gobber2_gooey_beef":2,"minecraft:wheat_seeds":2,"minecraft:flowering_azalea":1,"minecraft:quartz":8,"minecraft:jungle_planks":2,"minecraft:spider_eye":2,"alexsmobs:kangaroo_hide":4,"regions_unexplored:redwood_shrub":1,"minecraft:bread":5,"alexsmobs:maggot":1,"minecraft:baked_potato":3,"tombstone:magic_scroll":1,"minecraft:netherrack":2,"gobber2:gobber2_goo":2,"minecraft:coal":29},"minecraft:broken":{"minecraft:wooden_sword":1,"minecraft:wooden_axe":1},"minecraft:killed_by":{"minecraft:creeper":1,"cataclysm:deepling":2,"cataclysm:deepling_brute":1},"minecraft:mined":{"create:zinc_ore":39,"minecraft:jungle_leaves":7,"minecraft:glow_lichen":2,"minecraft:grass_block":1,"minecraft:jungle_log":22,"gobber2:gobber2_lucky_block":7,"create_new_age:thorium_ore":5,"minecraft:large_fern":1,"minecraft:furnace":2,"minecraft:iron_ore":20,"minecraft:vine":1,"minecraft:stone":128,"byg:white_puffball":1,"regions_unexplored:redwood_shrub":1,"minecraft:flowering_azalea":1,"minecraft:jungle_door":8,"minecraft:crafting_table":5,"minecraft:torch":6,"minecraft:melon":2,"minecraft:nether_quartz_ore":8,"minecraft:tall_grass":3,"minecraft:copper_ore":22,"minecraft:wall_torch":4,"farmersdelight:wild_beetroots":16,"byg:soapstone":15,"delightful:cantaloupe":1,"regions_unexplored:sandy_grass":2,"minecraft:grass":7,"minecraft:oak_log":1,"minecraft:coal_ore":24,"minecraft:dirt":4,"minecraft:netherrack":2,"minecraft:fern":4},"minecraft:dropped":{"minecraft:enchanted_book":1,"minecraft:torch":1,"minecraft:wooden_sword":1,"minecraft:white_wool":1,"minecraft:wooden_pickaxe":1}},"DataVersion":3120}