{"stats":{"minecraft:crafted":{"minecraft:oak_planks":4,"minecraft:crafting_table":2,"minecraft:jungle_boat":1,"minecraft:baked_potato":3,"minecraft:wooden_pickaxe":1,"minecraft:cooked_chicken":2,"minecraft:furnace":1,"minecraft:stone_axe":1,"minecraft:air":0,"minecraft:jungle_planks":24,"farmersdelight:fried_egg":1,"minecraft:stick":8,"minecraft:stone_pickaxe":1,"minecraft:wooden_axe":1},"minecraft:custom":{"minecraft:interact_with_smithing_table":1,"minecraft:interact_with_furnace":13,"minecraft:mob_kills":38,"minecraft:interact_with_crafting_table":8,"minecraft:open_barrel":5,"minecraft:leave_game":5,"minecraft:time_since_death":31252,"minecraft:climb_one_cm":15315,"minecraft:time_since_rest":31011,"minecraft:sprint_one_cm":245205,"minecraft:damage_taken":1996,"minecraft:walk_one_cm":134761,"minecraft:damage_blocked_by_shield":185,"minecraft:drop":4,"minecraft:damage_dealt":5277,"minecraft:player_kills":1,"minecraft:swim_one_cm":37308,"minecraft:talked_to_villager":3,"minecraft:fly_one_cm":487127,"minecraft:open_chest":1,"minecraft:play_time":90782,"minecraft:crouch_one_cm":18952,"minecraft:sneak_time":5242,"tombstone:undead_killed":13,"minecraft:deaths":3,"minecraft:walk_under_water_one_cm":12517,"minecraft:boat_one_cm":924,"minecraft:jump":2072,"minecraft:walk_on_water_one_cm":10831,"minecraft:total_world_time":90782,"minecraft:inspect_dispenser":4,"minecraft:fall_one_cm":61330},"minecraft:used":{"minecraft:beetroot":4,"minecraft:stone_pickaxe":46,"minecraft:baked_potato":3,"minecraft:wooden_pickaxe":6,"minecraft:shield":2,"minecraft:cooked_chicken":2,"minecraft:jungle_boat":1,"minecraft:torch":1,"minecraft:mutton":8,"minecraft:dirt":21,"minecraft:crafting_table":4,"minecraft:carrot":3,"culturaldelights:squid":1,"byg:white_puffball_cap":1,"minecraft:wooden_axe":46,"alexsmobs:maggot":1,"minecraft:bread":9,"minecraft:melon_slice":9,"alexsmobs:kangaroo_meat":2,"tombstone:magic_scroll":1,"minecraft:stone_axe":26,"minecraft:wooden_sword":61,"miners_delight:tentacles":2,"minecraft:furnace":2,"minecraft:porkchop":4,"alexsmobs:banana":2,"tombstone:gift":3,"delightful:cantaloupe":1,"farmersdelight:fried_egg":1,"minecraft:splash_potion":1},"minecraft:killed":{"alexsmobs:hummingbird":1,"minecraft:pig":2,"minecraft:spider":2,"alexsmobs:seagull":2,"minecraft:creeper":1,"minecraft:sheep":3,"minecraft:skeleton":1,"cataclysm:deepling_brute":1,"minecraft:zombie":12,"minecraft:chicken":1,"alexsmobs:gazelle":7,"alexsmobs:fly":3,"alexsmobs:kangaroo":1},"minecraft:picked_up":{"minecraft:cocoa_beans":12,"minecraft:crafting_table":3,"minecraft:jungle_boat":1,"minecraft:feather":5,"minecraft:chicken":2,"minecraft:jungle_log":22,"minecraft:potato":33,"minecraft:enchanted_book":2,"delightful:cantaloupe":1,"minecraft:oak_log":1,"byg:white_puffball_cap":1,"minecraft:gunpowder":2,"minecraft:dirt":21,"alexsmobs:gazelle_horn":2,"minecraft:string":3,"minecraft:wooden_sword":1,"minecraft:beetroot":4,"minecraft:wheat_seeds":2,"alexsmobs:banana":2,"minecraft:poppy":2,"minecraft:melon_slice":11,"minecraft:flowering_azalea":1,"farmersdelight:cabbage_seeds":1,"minecraft:furnace":2,"minecraft:egg":1,"miners_delight:tentacles":2,"minecraft:torch":1,"simplevoiceradio:radio_item":1,"minecraft:porkchop":4,"minecraft:jungle_planks":2,"tombstone:grave_dust":3,"minecraft:carrot":2,"minecraft:spider_eye":1,"alexsmobs:kangaroo_hide":4,"minecraft:arrow":1,"minecraft:rotten_flesh":9,"createcafe:coffee_beans":3,"minecraft:beetroot_seeds":14,"regions_unexplored:redwood_shrub":1,"culturaldelights:squid":1,"minecraft:baked_potato":3,"minecraft:bread":5,"alexsmobs:maggot":1,"tombstone:magic_scroll":1,"minecraft:mutton":8,"byg:white_puffball_spores":2,"minecraft:coal":12,"alexsmobs:kangaroo_meat":2,"minecraft:white_wool":3,"minecraft:cobblestone":41},"minecraft:broken":{"minecraft:wooden_sword":1,"minecraft:wooden_axe":1},"minecraft:killed_by":{"cataclysm:deepling_brute":1,"minecraft:creeper":1},"minecraft:mined":{"regions_unexplored:redwood_shrub":1,"minecraft:flowering_azalea":1,"minecraft:jungle_leaves":7,"minecraft:crafting_table":3,"minecraft:glow_lichen":2,"minecraft:grass_block":1,"minecraft:melon":2,"minecraft:jungle_log":22,"minecraft:tall_grass":1,"farmersdelight:wild_beetroots":16,"minecraft:furnace":2,"delightful:cantaloupe":1,"regions_unexplored:sandy_grass":2,"minecraft:grass":6,"minecraft:oak_log":1,"minecraft:coal_ore":7,"minecraft:vine":1,"minecraft:dirt":4,"minecraft:stone":40,"byg:white_puffball":1,"minecraft:fern":4},"minecraft:dropped":{"minecraft:enchanted_book":1,"minecraft:wooden_sword":1,"minecraft:wooden_pickaxe":1,"minecraft:white_wool":1}},"DataVersion":3120}