{"stats":{"minecraft:crafted":{"minecraft:oak_planks":4,"minecraft:crafting_table":2,"minecraft:jungle_boat":1,"minecraft:wooden_pickaxe":1,"minecraft:stone_axe":1,"minecraft:jungle_planks":24,"minecraft:stick":8,"minecraft:stone_pickaxe":1,"minecraft:wooden_axe":1},"minecraft:custom":{"minecraft:interact_with_smithing_table":1,"minecraft:mob_kills":38,"minecraft:interact_with_crafting_table":5,"minecraft:open_barrel":5,"minecraft:leave_game":3,"minecraft:time_since_death":13244,"minecraft:climb_one_cm":15315,"minecraft:time_since_rest":13003,"minecraft:sprint_one_cm":202548,"minecraft:damage_taken":1896,"minecraft:walk_one_cm":113553,"minecraft:damage_blocked_by_shield":185,"minecraft:drop":3,"minecraft:damage_dealt":5277,"minecraft:swim_one_cm":20319,"minecraft:player_kills":1,"minecraft:fly_one_cm":417359,"minecraft:open_chest":1,"minecraft:crouch_one_cm":14799,"minecraft:play_time":72774,"tombstone:undead_killed":13,"minecraft:deaths":3,"minecraft:sneak_time":3809,"minecraft:walk_under_water_one_cm":9406,"minecraft:boat_one_cm":924,"minecraft:jump":1624,"minecraft:walk_on_water_one_cm":5932,"minecraft:total_world_time":72774,"minecraft:fall_one_cm":42660,"minecraft:inspect_dispenser":4},"minecraft:used":{"minecraft:beetroot":4,"minecraft:stone_pickaxe":3,"minecraft:wooden_pickaxe":6,"minecraft:shield":2,"minecraft:jungle_boat":1,"minecraft:mutton":8,"minecraft:dirt":12,"minecraft:crafting_table":3,"minecraft:carrot":3,"culturaldelights:squid":1,"byg:white_puffball_cap":1,"minecraft:wooden_axe":46,"alexsmobs:maggot":1,"minecraft:bread":9,"minecraft:melon_slice":9,"alexsmobs:kangaroo_meat":2,"tombstone:magic_scroll":1,"minecraft:stone_axe":25,"minecraft:wooden_sword":61,"miners_delight:tentacles":2,"minecraft:porkchop":4,"alexsmobs:banana":2,"tombstone:gift":3,"minecraft:splash_potion":1},"minecraft:killed":{"alexsmobs:hummingbird":1,"minecraft:pig":2,"minecraft:spider":2,"alexsmobs:seagull":2,"minecraft:creeper":1,"minecraft:sheep":3,"minecraft:skeleton":1,"cataclysm:deepling_brute":1,"minecraft:zombie":12,"minecraft:chicken":1,"alexsmobs:gazelle":7,"alexsmobs:fly":3,"alexsmobs:kangaroo":1},"minecraft:picked_up":{"minecraft:cocoa_beans":12,"minecraft:crafting_table":2,"minecraft:jungle_boat":1,"minecraft:feather":5,"minecraft:chicken":2,"minecraft:jungle_log":22,"minecraft:potato":20,"minecraft:enchanted_book":1,"delightful:cantaloupe":1,"minecraft:oak_log":1,"byg:white_puffball_cap":1,"minecraft:gunpowder":2,"alexsmobs:gazelle_horn":2,"minecraft:dirt":21,"minecraft:string":3,"minecraft:wooden_sword":1,"minecraft:beetroot":4,"minecraft:wheat_seeds":2,"alexsmobs:banana":2,"minecraft:poppy":2,"minecraft:melon_slice":11,"minecraft:flowering_azalea":1,"farmersdelight:cabbage_seeds":1,"minecraft:egg":1,"miners_delight:tentacles":2,"minecraft:torch":1,"simplevoiceradio:radio_item":1,"minecraft:porkchop":4,"tombstone:grave_dust":3,"minecraft:carrot":2,"minecraft:spider_eye":1,"alexsmobs:kangaroo_hide":4,"minecraft:rotten_flesh":9,"minecraft:arrow":1,"createcafe:coffee_beans":3,"minecraft:beetroot_seeds":14,"regions_unexplored:redwood_shrub":1,"culturaldelights:squid":1,"minecraft:bread":5,"alexsmobs:maggot":1,"tombstone:magic_scroll":1,"minecraft:white_wool":3,"byg:white_puffball_spores":2,"minecraft:mutton":8,"alexsmobs:kangaroo_meat":2,"minecraft:cobblestone":6},"minecraft:broken":{"minecraft:wooden_sword":1,"minecraft:wooden_axe":1},"minecraft:killed_by":{"cataclysm:deepling_brute":1,"minecraft:creeper":1},"minecraft:mined":{"regions_unexplored:redwood_shrub":1,"minecraft:flowering_azalea":1,"minecraft:jungle_leaves":7,"minecraft:crafting_table":2,"minecraft:glow_lichen":2,"minecraft:grass_block":1,"minecraft:melon":2,"minecraft:jungle_log":22,"minecraft:tall_grass":1,"farmersdelight:wild_beetroots":16,"delightful:cantaloupe":1,"regions_unexplored:sandy_grass":2,"minecraft:vine":1,"minecraft:grass":6,"minecraft:oak_log":1,"minecraft:dirt":4,"minecraft:stone":6,"byg:white_puffball":1,"minecraft:fern":4},"minecraft:dropped":{"minecraft:wooden_sword":1,"minecraft:wooden_pickaxe":1,"minecraft:white_wool":1}},"DataVersion":3120}