{"stats":{"minecraft:crafted":{"minecraft:oak_planks":4,"minecraft:crafting_table":4,"minecraft:jungle_boat":2,"minecraft:baked_potato":16,"minecraft:wooden_pickaxe":1,"minecraft:cooked_chicken":2,"quark:jungle_chest":2,"minecraft:furnace":2,"minecraft:stone_axe":1,"minecraft:air":0,"minecraft:jungle_planks":88,"farmersdelight:fried_egg":1,"minecraft:jungle_door":3,"minecraft:stick":12,"minecraft:iron_pickaxe":1,"minecraft:iron_ingot":3,"minecraft:stone_pickaxe":1,"minecraft:wooden_axe":1,"minecraft:torch":4},"minecraft:custom":{"minecraft:interact_with_smithing_table":1,"minecraft:interact_with_furnace":25,"minecraft:mob_kills":39,"minecraft:interact_with_crafting_table":15,"minecraft:open_barrel":5,"minecraft:leave_game":6,"minecraft:time_since_death":16269,"minecraft:climb_one_cm":15357,"minecraft:time_since_rest":15856,"minecraft:sprint_one_cm":252706,"minecraft:damage_taken":2587,"minecraft:walk_one_cm":153252,"minecraft:damage_blocked_by_shield":225,"minecraft:drop":4,"minecraft:damage_dealt":5567,"minecraft:player_kills":1,"minecraft:swim_one_cm":89630,"minecraft:talked_to_villager":3,"minecraft:fly_one_cm":494199,"minecraft:open_chest":12,"minecraft:play_time":125509,"minecraft:crouch_one_cm":20217,"minecraft:sneak_time":6960,"tombstone:undead_killed":14,"minecraft:deaths":5,"minecraft:walk_under_water_one_cm":35039,"minecraft:boat_one_cm":7780,"minecraft:jump":2169,"minecraft:walk_on_water_one_cm":22839,"minecraft:total_world_time":125509,"minecraft:inspect_dispenser":4,"minecraft:fall_one_cm":61539},"minecraft:used":{"minecraft:beetroot":4,"minecraft:stone_pickaxe":65,"minecraft:baked_potato":4,"quark:jungle_chest":2,"minecraft:wooden_pickaxe":6,"minecraft:shield":3,"minecraft:cooked_chicken":2,"minecraft:jungle_boat":4,"minecraft:torch":3,"minecraft:mutton":8,"minecraft:dirt":21,"minecraft:crafting_table":8,"minecraft:carrot":3,"culturaldelights:squid":1,"byg:white_puffball_cap":1,"minecraft:wooden_axe":46,"alexsmobs:maggot":1,"minecraft:bread":9,"minecraft:melon_slice":9,"minecraft:iron_pickaxe":68,"alexsmobs:kangaroo_meat":2,"tombstone:magic_scroll":1,"minecraft:stone_axe":40,"minecraft:wooden_sword":61,"miners_delight:tentacles":2,"minecraft:furnace":4,"minecraft:porkchop":4,"minecraft:jungle_door":9,"alexsmobs:banana":2,"tombstone:gift":4,"delightful:cantaloupe":1,"farmersdelight:fried_egg":1,"minecraft:splash_potion":1},"minecraft:killed":{"alexsmobs:hummingbird":1,"minecraft:pig":2,"minecraft:spider":2,"alexsmobs:seagull":2,"minecraft:creeper":1,"minecraft:sheep":3,"minecraft:skeleton":2,"cataclysm:deepling_brute":1,"minecraft:zombie":12,"minecraft:chicken":1,"alexsmobs:gazelle":7,"alexsmobs:fly":3,"alexsmobs:kangaroo":1},"minecraft:picked_up":{"minecraft:cocoa_beans":12,"minecraft:crafting_table":5,"minecraft:jungle_boat":2,"minecraft:feather":5,"minecraft:chicken":2,"minecraft:jungle_log":22,"minecraft:potato":33,"alexsmobs:cachalot_whale_tooth":1,"minecraft:enchanted_book":2,"create:raw_zinc":23,"delightful:cantaloupe":1,"minecraft:oak_log":1,"byg:white_puffball_cap":1,"minecraft:gunpowder":2,"minecraft:raw_copper":77,"minecraft:dirt":21,"alexsmobs:gazelle_horn":2,"minecraft:string":3,"minecraft:wooden_sword":1,"minecraft:bone":2,"minecraft:beetroot":4,"minecraft:wheat_seeds":2,"alexsmobs:banana":2,"minecraft:poppy":2,"minecraft:melon_slice":11,"minecraft:flowering_azalea":1,"farmersdelight:cabbage_seeds":1,"minecraft:furnace":2,"minecraft:egg":1,"minecraft:raw_iron":9,"minecraft:jungle_door":8,"miners_delight:tentacles":26,"minecraft:torch":2,"simplevoiceradio:radio_item":1,"minecraft:porkchop":4,"minecraft:jungle_planks":2,"tombstone:grave_dust":3,"minecraft:carrot":2,"minecraft:spider_eye":1,"gobber2:gobber2_foo":1,"alexsmobs:kangaroo_hide":4,"minecraft:arrow":1,"minecraft:rotten_flesh":9,"createcafe:coffee_beans":3,"minecraft:beetroot_seeds":14,"regions_unexplored:redwood_shrub":1,"culturaldelights:squid":10,"gobber2:gobber2_goo":1,"minecraft:baked_potato":3,"minecraft:bread":5,"alexsmobs:maggot":1,"tombstone:magic_scroll":1,"minecraft:mutton":8,"byg:white_puffball_spores":2,"minecraft:coal":27,"alexsmobs:kangaroo_meat":2,"minecraft:white_wool":3,"minecraft:cobblestone":54},"minecraft:broken":{"minecraft:wooden_sword":1,"minecraft:wooden_axe":1},"minecraft:killed_by":{"cataclysm:deepling":2,"cataclysm:deepling_brute":1,"minecraft:creeper":1},"minecraft:mined":{"create:zinc_ore":23,"regions_unexplored:redwood_shrub":1,"minecraft:flowering_azalea":1,"minecraft:jungle_door":8,"minecraft:jungle_leaves":7,"minecraft:crafting_table":5,"minecraft:glow_lichen":2,"minecraft:grass_block":1,"minecraft:melon":2,"gobber2:gobber2_lucky_block":2,"minecraft:jungle_log":22,"minecraft:copper_ore":22,"minecraft:tall_grass":3,"minecraft:wall_torch":1,"farmersdelight:wild_beetroots":16,"minecraft:furnace":2,"delightful:cantaloupe":1,"minecraft:iron_ore":9,"regions_unexplored:sandy_grass":2,"minecraft:grass":6,"minecraft:oak_log":1,"minecraft:coal_ore":22,"minecraft:vine":1,"minecraft:dirt":4,"minecraft:stone":53,"byg:white_puffball":1,"minecraft:fern":4},"minecraft:dropped":{"minecraft:enchanted_book":1,"minecraft:wooden_sword":1,"minecraft:wooden_pickaxe":1,"minecraft:white_wool":1}},"DataVersion":3120}