{"stats":{"minecraft:crafted":{"minecraft:crafting_table":1,"minecraft:jungle_boat":1,"minecraft:wooden_pickaxe":1,"minecraft:jungle_planks":24,"minecraft:stick":8,"minecraft:wooden_axe":1},"minecraft:custom":{"minecraft:mob_kills":28,"minecraft:interact_with_crafting_table":2,"minecraft:leave_game":3,"minecraft:time_since_death":30582,"minecraft:climb_one_cm":8269,"minecraft:time_since_rest":29156,"minecraft:sprint_one_cm":144559,"minecraft:damage_taken":967,"minecraft:walk_one_cm":67869,"minecraft:damage_blocked_by_shield":185,"minecraft:drop":1,"minecraft:damage_dealt":3240,"minecraft:swim_one_cm":10643,"minecraft:fly_one_cm":330520,"minecraft:crouch_one_cm":7550,"minecraft:play_time":54774,"tombstone:undead_killed":7,"minecraft:deaths":1,"minecraft:sneak_time":2137,"minecraft:walk_under_water_one_cm":3587,"minecraft:boat_one_cm":292,"minecraft:jump":1281,"minecraft:walk_on_water_one_cm":1512,"minecraft:total_world_time":54774,"minecraft:fall_one_cm":35200},"minecraft:used":{"minecraft:beetroot":4,"minecraft:shield":2,"minecraft:jungle_boat":1,"minecraft:dirt":11,"minecraft:crafting_table":2,"minecraft:carrot":3,"minecraft:wooden_axe":43,"minecraft:bread":9,"minecraft:melon_slice":9,"alexsmobs:kangaroo_meat":1,"minecraft:wooden_sword":61,"minecraft:porkchop":4,"alexsmobs:banana":2},"minecraft:killed":{"alexsmobs:hummingbird":1,"minecraft:pig":2,"minecraft:spider":2,"alexsmobs:seagull":2,"minecraft:creeper":1,"minecraft:skeleton":1,"minecraft:zombie":6,"minecraft:chicken":1,"alexsmobs:gazelle":7,"alexsmobs:fly":3,"alexsmobs:kangaroo":1},"minecraft:picked_up":{"minecraft:cocoa_beans":12,"minecraft:crafting_table":1,"minecraft:feather":5,"minecraft:chicken":2,"minecraft:jungle_log":22,"delightful:cantaloupe":1,"minecraft:oak_log":1,"byg:white_puffball_cap":1,"minecraft:gunpowder":2,"alexsmobs:gazelle_horn":2,"minecraft:dirt":21,"minecraft:string":3,"minecraft:wooden_sword":1,"minecraft:beetroot":4,"minecraft:wheat_seeds":2,"alexsmobs:banana":2,"minecraft:poppy":2,"minecraft:melon_slice":11,"farmersdelight:cabbage_seeds":1,"minecraft:egg":1,"miners_delight:tentacles":2,"minecraft:porkchop":4,"tombstone:grave_dust":3,"minecraft:carrot":2,"minecraft:spider_eye":1,"alexsmobs:kangaroo_hide":2,"minecraft:rotten_flesh":5,"minecraft:arrow":1,"createcafe:coffee_beans":1,"minecraft:beetroot_seeds":14,"regions_unexplored:redwood_shrub":1,"culturaldelights:squid":1,"minecraft:bread":5,"alexsmobs:maggot":1,"byg:white_puffball_spores":2,"minecraft:mutton":4,"alexsmobs:kangaroo_meat":2},"minecraft:broken":{"minecraft:wooden_sword":1},"minecraft:mined":{"regions_unexplored:redwood_shrub":1,"minecraft:jungle_leaves":7,"minecraft:crafting_table":1,"minecraft:grass_block":1,"minecraft:melon":2,"minecraft:jungle_log":22,"farmersdelight:wild_beetroots":16,"delightful:cantaloupe":1,"regions_unexplored:sandy_grass":2,"minecraft:grass":5,"minecraft:oak_log":1,"minecraft:dirt":4,"byg:white_puffball":1,"minecraft:fern":4},"minecraft:dropped":{"minecraft:wooden_sword":1}},"DataVersion":3120}