{
  "idas:idas_root": {
    "criteria": {
      "always": "2025-01-03 17:01:52 +0000"
    },
    "done": true
  },
  "betterdungeons:root": {
    "criteria": {
      "always": "2025-01-03 17:01:52 +0000"
    },
    "done": true
  },
  "tombstone:adventure/create_magic_tablet": {
    "criteria": {
      "has_magic_tablet": "2025-01-04 00:58:08 +0000"
    },
    "done": true
  },
  "create:wrench_goggles": {
    "criteria": {
      "0": "2025-01-04 02:55:59 +0000"
    },
    "done": false
  },
  "crabbersdelight:main/root": {
    "criteria": {
      "seeds": "2025-01-03 17:01:52 +0000"
    },
    "done": true
  },
  "minecraft:adventure/kill_a_mob": {
    "criteria": {
      "minecraft:zombie": "2025-01-03 20:30:55 +0000"
    },
    "done": true
  },
  "alexsmobs:alexsmobs/stomp_leafcutter_anthill": {
    "criteria": {
      "ex": "2025-01-03 23:03:51 +0000"
    },
    "done": true
  },
  "takesapillage:root": {
    "criteria": {
      "always": "2025-01-03 17:01:52 +0000"
    },
    "done": true
  },
  "supplementaries:adventure/globe": {
    "criteria": {
      "unlock": "2025-01-03 23:07:31 +0000"
    },
    "done": true
  },
  "alexsmobs:alexsmobs/seagull_steal": {
    "criteria": {
      "ex": "2025-01-03 17:02:56 +0000"
    },
    "done": true
  },
  "extradelight:start": {
    "criteria": {
      "start": "2025-01-03 17:01:52 +0000"
    },
    "done": true
  },
  "create_connected:root": {
    "criteria": {
      "0": "2025-01-03 17:01:52 +0000"
    },
    "done": true
  },
  "byg:root": {
    "criteria": {
      "tick": "2025-01-03 17:01:52 +0000"
    },
    "done": true
  },
  "minecraft:story/obtain_armor": {
    "criteria": {
      "iron_helmet": "2025-01-03 23:08:26 +0000"
    },
    "done": true
  },
  "tombstone:adventure/ashes_and_bones": {
    "criteria": {
      "coded_trigger": "2025-01-04 01:11:51 +0000"
    },
    "done": true
  },
  "byg:adventure/oh_the_biomes_youll_go": {
    "criteria": {
      "byg:rainbow_beach": "2025-01-03 23:05:29 +0000",
      "byg:orchard": "2025-01-04 01:37:53 +0000",
      "byg:jacaranda_forest": "2025-01-03 23:05:38 +0000",
      "byg:baobab_savanna": "2025-01-04 01:37:05 +0000",
      "byg:ebony_woods": "2025-01-03 23:06:42 +0000"
    },
    "done": false
  },
  "create:andesite_alloy": {
    "criteria": {
      "0": "2025-01-04 03:38:01 +0000"
    },
    "done": true
  },
  "tombstone:recipes/from_grave_dust": {
    "criteria": {
      "has_ingredient": "2025-01-04 00:27:16 +0000"
    },
    "done": true
  },
  "toms_storage:unlock_glowstone": {
    "criteria": {
      "inv_changed-glowstone": "2025-01-03 17:01:52 +0000"
    },
    "done": true
  },
  "regions_unexplored:parent": {
    "criteria": {
      "load_in_world": "2025-01-03 17:01:54 +0000"
    },
    "done": true
  },
  "minecraft:story/mine_stone": {
    "criteria": {
      "get_stone": "2025-01-03 17:13:23 +0000"
    },
    "done": true
  },
  "biomesoplenty:biomesoplenty/all_biomes": {
    "criteria": {
      "mediterranean_forest": "2025-01-04 01:14:36 +0000",
      "spider_nest": "2025-01-04 00:05:03 +0000",
      "rainforest": "2025-01-04 00:04:01 +0000"
    },
    "done": false
  },
  "friendsandfoes:misc/yellow_dye_from_buttercup": {
    "criteria": {
      "has_the_recipe": "2025-01-03 17:01:52 +0000"
    },
    "done": true
  },
  "immersivecaves:behindyou": {
    "criteria": {
      "behindyou": "2025-01-03 23:49:18 +0000"
    },
    "done": true
  },
  "quark:get_forgotten_hat": {
    "criteria": {
      "get_forgotten_hat": "2025-01-04 01:55:46 +0000"
    },
    "done": true
  },
  "tombstone:adventure/create_magic_scroll": {
    "criteria": {
      "has_magic_scroll": "2025-01-04 00:56:01 +0000"
    },
    "done": true
  },
  "minecraft:adventure/adventuring_time": {
    "criteria": {
      "minecraft:beach": "2025-01-03 17:01:54 +0000",
      "minecraft:stony_peaks": "2025-01-04 01:29:53 +0000",
      "minecraft:sparse_jungle": "2025-01-03 23:15:36 +0000",
      "minecraft:river": "2025-01-04 01:10:13 +0000",
      "minecraft:stony_shore": "2025-01-04 01:15:32 +0000",
      "minecraft:lush_caves": "2025-01-03 23:49:01 +0000",
      "minecraft:jungle": "2025-01-03 17:02:22 +0000",
      "minecraft:plains": "2025-01-04 01:37:43 +0000"
    },
    "done": false
  },
  "byg:husbandry/root": {
    "criteria": {
      "consumed_item": "2025-01-03 20:27:00 +0000"
    },
    "done": true
  },
  "tombstone:adventure/strong_or_careful": {
    "criteria": {
      "coded_trigger": "2025-01-04 00:02:00 +0000"
    },
    "done": true
  },
  "minecraft:adventure/sleep_in_bed": {
    "criteria": {
      "slept_in_bed": "2025-01-03 23:08:36 +0000"
    },
    "done": true
  },
  "extradelight:food": {
    "criteria": {
      "food": "2025-01-03 20:27:00 +0000"
    },
    "done": true
  },
  "toms_storage:unlock_netherite": {
    "criteria": {
      "inv_changed-netherite": "2025-01-03 17:01:52 +0000"
    },
    "done": true
  },
  "minecraft:husbandry/root": {
    "criteria": {
      "consumed_item": "2025-01-03 20:27:00 +0000"
    },
    "done": true
  },
  "vintageimprovements:root": {
    "criteria": {
      "0": "2025-01-03 17:01:52 +0000"
    },
    "done": true
  },
  "immersive_aircraft:misc/aircraftery": {
    "criteria": {
      "has_item": "2025-01-03 23:08:00 +0000"
    },
    "done": true
  },
  "create_enchantment_industry:experienced_engineer": {
    "criteria": {
      "have_experience_nugget": "2025-01-04 02:14:13 +0000"
    },
    "done": true
  },
  "toms_storage:unlock_dia_pearl": {
    "criteria": {
      "inv_changed-ender_pearl": "2025-01-03 17:01:52 +0000",
      "inv_changed-diamond": "2025-01-03 17:01:52 +0000"
    },
    "done": true
  },
  "create:shifting_gears": {
    "criteria": {
      "0": "2025-01-04 02:07:24 +0000"
    },
    "done": true
  },
  "minecraft:adventure/root": {
    "criteria": {
      "killed_something": "2025-01-03 20:30:55 +0000"
    },
    "done": true
  },
  "tombstone:adventure/cancel_ghostly_shape": {
    "criteria": {
      "coded_trigger": "2025-01-04 00:25:48 +0000"
    },
    "done": true
  },
  "minecraft:story/deflect_arrow": {
    "criteria": {
      "deflected_projectile": "2025-01-03 20:31:02 +0000"
    },
    "done": true
  },
  "farmersdelight:main/root": {
    "criteria": {
      "seeds": "2025-01-03 17:01:52 +0000"
    },
    "done": true
  },
  "extradelight:cactus_juice": {
    "criteria": {
      "cactus_juice": "2025-01-04 03:54:45 +0000"
    },
    "done": true
  },
  "farmersdelight:main/get_fd_seed": {
    "criteria": {
      "onion": "2025-01-04 01:08:30 +0000"
    },
    "done": true
  },
  "tombstone:adventure/root": {
    "criteria": {
      "auto": "2025-01-03 17:01:54 +0000"
    },
    "done": true
  },
  "tombstone:adventure/bone_crusher": {
    "criteria": {
      "coded_trigger": "2025-01-04 02:20:00 +0000"
    },
    "done": true
  },
  "cataclysm:root": {
    "criteria": {
      "custom_test_name": "2025-01-03 17:01:52 +0000"
    },
    "done": true
  },
  "minecraft:adventure/kill_all_mobs": {
    "criteria": {
      "minecraft:skeleton": "2025-01-03 23:05:55 +0000",
      "minecraft:spider": "2025-01-03 23:59:40 +0000",
      "minecraft:creeper": "2025-01-03 23:59:31 +0000",
      "quark:forgotten": "2025-01-04 01:54:07 +0000",
      "minecraft:witch": "2025-01-04 02:21:52 +0000",
      "minecraft:cave_spider": "2025-01-04 00:01:53 +0000",
      "minecraft:enderman": "2025-01-04 04:02:03 +0000",
      "minecraft:silverfish": "2025-01-04 03:13:55 +0000",
      "minecraft:zombie": "2025-01-03 20:30:55 +0000"
    },
    "done": false
  },
  "tombstone:adventure/chain_death": {
    "criteria": {
      "coded_trigger": "2025-01-04 00:26:04 +0000"
    },
    "done": true
  },
  "tombstone:adventure/find_grave_dust": {
    "criteria": {
      "from_undead": "2025-01-04 02:04:01 +0000"
    },
    "done": true
  },
  "dungeons_arise:wda_root": {
    "criteria": {
      "WDA": "2025-01-03 17:01:52 +0000"
    },
    "done": true
  },
  "vs_eureka:recipes/balloon_color": {
    "criteria": {
      "has_red_balloon": "2025-01-03 17:01:52 +0000",
      "has_black_balloon": "2025-01-03 17:01:52 +0000",
      "has_lime_balloon": "2025-01-03 17:01:52 +0000",
      "has_cyan_balloon": "2025-01-03 17:01:52 +0000",
      "has_light_blue_balloon": "2025-01-03 17:01:52 +0000",
      "has_gray_balloon": "2025-01-03 17:01:52 +0000",
      "has_pink_balloon": "2025-01-03 17:01:52 +0000",
      "has_light_gray_balloon": "2025-01-03 17:01:52 +0000",
      "has_white_balloon": "2025-01-03 17:01:52 +0000",
      "has_blue_balloon": "2025-01-03 17:01:52 +0000",
      "has_yellow_balloon": "2025-01-03 17:01:52 +0000",
      "has_purple_balloon": "2025-01-03 17:01:52 +0000",
      "has_orange_balloon": "2025-01-03 17:01:52 +0000",
      "has_brown_balloon": "2025-01-03 17:01:52 +0000",
      "has_green_balloon": "2025-01-03 17:01:52 +0000",
      "has_magenta_balloon": "2025-01-03 17:01:52 +0000"
    },
    "done": true
  },
  "immersivecaves:immersive_caves": {
    "criteria": {
      "immersive_caves": "2025-01-03 17:01:52 +0000"
    },
    "done": true
  },
  "minecraft:husbandry/balanced_diet": {
    "criteria": {
      "cooked_mutton": "2025-01-04 03:27:12 +0000",
      "cooked_beef": "2025-01-03 23:59:53 +0000",
      "baked_potato": "2025-01-04 00:58:52 +0000",
      "apple": "2025-01-04 02:36:15 +0000",
      "bread": "2025-01-03 20:27:00 +0000",
      "melon_slice": "2025-01-04 00:30:42 +0000"
    },
    "done": false
  },
  "farmersdelight:main/craft_knife": {
    "criteria": {
      "iron_knife": "2025-01-04 01:53:05 +0000"
    },
    "done": true
  },
  "tombstone:recipes/from_grave_key": {
    "criteria": {
      "has_ingredient": "2025-01-04 00:02:01 +0000"
    },
    "done": true
  },
  "idas:tinkers_workshop": {
    "criteria": {
      "in_tinkers_workshop": "2025-01-04 01:37:53 +0000"
    },
    "done": true
  },
  "regions_unexplored:regions_explored": {
    "criteria": {
      "mauve_hills": "2025-01-04 01:35:10 +0000",
      "barley_fields": "2025-01-04 01:25:38 +0000",
      "grassy_beach": "2025-01-04 01:13:15 +0000",
      "rocky_meadow": "2025-01-04 01:13:18 +0000",
      "deciduous_forest": "2025-01-04 01:29:49 +0000",
      "chalk_cliffs": "2025-01-04 01:16:31 +0000",
      "grassland": "2025-01-04 01:11:26 +0000",
      "prairie": "2025-01-04 01:21:31 +0000"
    },
    "done": false
  },
  "decoration_delight:decoration_101_advancement": {
    "criteria": {
      "decoration_101_advancement": "2025-01-03 17:01:52 +0000"
    },
    "done": true
  },
  "dungeons_arise:find_mushroom_mines": {
    "criteria": {
      "location0": "2025-01-04 00:43:29 +0000"
    },
    "done": true
  },
  "biomesoplenty:biomesoplenty/root": {
    "criteria": {
      "rainforest": "2025-01-04 00:04:01 +0000"
    },
    "done": true
  },
  "toms_storage:unlock_chest": {
    "criteria": {
      "inv_changed-chest": "2025-01-03 17:01:52 +0000"
    },
    "done": true
  },
  "create:root": {
    "criteria": {
      "0": "2025-01-03 17:01:52 +0000"
    },
    "done": true
  },
  "betterdeserttemples:root": {
    "criteria": {
      "always": "2025-01-03 17:01:52 +0000"
    },
    "done": true
  },
  "minecraft:story/iron_tools": {
    "criteria": {
      "iron_pickaxe": "2025-01-03 23:49:45 +0000"
    },
    "done": true
  },
  "minecraft:story/mine_diamond": {
    "criteria": {
      "diamond": "2025-01-04 00:01:14 +0000"
    },
    "done": true
  },
  "tombstone:adventure/first_knowledge": {
    "criteria": {
      "coded_trigger": "2025-01-04 00:02:00 +0000"
    },
    "done": true
  },
  "minecraft:story/upgrade_tools": {
    "criteria": {
      "stone_pickaxe": "2025-01-04 00:57:22 +0000"
    },
    "done": true
  },
  "alexsmobs:alexsmobs/root": {
    "criteria": {
      "useitem": "2025-01-03 20:28:04 +0000"
    },
    "done": true
  },
  "minecraft:story/root": {
    "criteria": {
      "crafting_table": "2025-01-03 22:55:58 +0000"
    },
    "done": true
  },
  "tombstone:adventure/first_grave": {
    "criteria": {
      "coded_trigger": "2025-01-04 00:02:00 +0000"
    },
    "done": true
  },
  "regions_unexplored:pioneer": {
    "criteria": {
      "mauve_hills": "2025-01-04 01:35:10 +0000",
      "barley_fields": "2025-01-04 01:25:38 +0000",
      "grassy_beach": "2025-01-04 01:13:15 +0000",
      "rocky_meadow": "2025-01-04 01:13:18 +0000",
      "deciduous_forest": "2025-01-04 01:29:49 +0000",
      "chalk_cliffs": "2025-01-04 01:16:31 +0000",
      "grassland": "2025-01-04 01:11:26 +0000",
      "prairie": "2025-01-04 01:21:31 +0000"
    },
    "done": false
  },
  "vs_eureka:recipes/ship_helm": {
    "criteria": {
      "has_gold": "2025-01-03 17:01:52 +0000"
    },
    "done": true
  },
  "minecraft:story/smelt_iron": {
    "criteria": {
      "iron": "2025-01-03 23:08:00 +0000"
    },
    "done": true
  },
  "idas:redhorn_guild": {
    "criteria": {
      "in_redhorn_guild": "2025-01-03 23:06:47 +0000"
    },
    "done": true
  },
  "decoration_delight:the_search_begins_advancement": {
    "criteria": {
      "the_search_begins_advancement": "2025-01-03 17:01:52 +0000"
    },
    "done": true
  },
  "minecraft:husbandry/tame_an_animal": {
    "criteria": {
      "tamed_animal": "2025-01-04 01:06:23 +0000"
    },
    "done": true
  },
  "tombstone:adventure/ambush": {
    "criteria": {
      "coded_trigger": "2025-01-04 02:21:52 +0000"
    },
    "done": true
  },
  "DataVersion": 3120
}