{
  "idas:idas_root": {
    "criteria": {
      "always": "2025-01-04 14:17:15 +0000"
    },
    "done": true
  },
  "betterdungeons:root": {
    "criteria": {
      "always": "2025-01-04 14:17:15 +0000"
    },
    "done": true
  },
  "crabbersdelight:main/root": {
    "criteria": {
      "seeds": "2025-01-04 14:17:14 +0000"
    },
    "done": true
  },
  "minecraft:adventure/kill_a_mob": {
    "criteria": {
      "minecraft:skeleton": "2025-01-04 14:25:11 +0000"
    },
    "done": true
  },
  "takesapillage:root": {
    "criteria": {
      "always": "2025-01-04 14:17:15 +0000"
    },
    "done": true
  },
  "alexsmobs:alexsmobs/seagull_steal": {
    "criteria": {
      "ex": "2025-01-04 14:26:45 +0000"
    },
    "done": true
  },
  "extradelight:start": {
    "criteria": {
      "start": "2025-01-04 14:17:14 +0000"
    },
    "done": true
  },
  "create_connected:root": {
    "criteria": {
      "0": "2025-01-04 14:17:14 +0000"
    },
    "done": true
  },
  "byg:root": {
    "criteria": {
      "tick": "2025-01-04 14:17:15 +0000"
    },
    "done": true
  },
  "byg:adventure/oh_the_biomes_youll_go": {
    "criteria": {
      "byg:rainbow_beach": "2025-01-04 14:26:45 +0000",
      "byg:jacaranda_forest": "2025-01-04 14:27:03 +0000",
      "byg:ebony_woods": "2025-01-04 14:37:46 +0000"
    },
    "done": false
  },
  "tombstone:recipes/from_grave_dust": {
    "criteria": {
      "has_ingredient": "2025-01-04 14:29:36 +0000"
    },
    "done": true
  },
  "toms_storage:unlock_glowstone": {
    "criteria": {
      "inv_changed-glowstone": "2025-01-04 14:17:14 +0000"
    },
    "done": true
  },
  "regions_unexplored:parent": {
    "criteria": {
      "load_in_world": "2025-01-04 14:17:16 +0000"
    },
    "done": true
  },
  "minecraft:story/mine_stone": {
    "criteria": {
      "get_stone": "2025-01-04 14:33:21 +0000"
    },
    "done": true
  },
  "friendsandfoes:misc/yellow_dye_from_buttercup": {
    "criteria": {
      "has_the_recipe": "2025-01-04 14:17:14 +0000"
    },
    "done": true
  },
  "minecraft:adventure/adventuring_time": {
    "criteria": {
      "minecraft:beach": "2025-01-04 14:23:54 +0000",
      "minecraft:river": "2025-01-04 14:39:58 +0000",
      "minecraft:jungle": "2025-01-04 14:17:16 +0000",
      "minecraft:savanna": "2025-01-04 14:41:53 +0000"
    },
    "done": false
  },
  "byg:husbandry/root": {
    "criteria": {
      "consumed_item": "2025-01-04 14:22:59 +0000"
    },
    "done": true
  },
  "extradelight:food": {
    "criteria": {
      "food": "2025-01-04 14:22:59 +0000"
    },
    "done": true
  },
  "toms_storage:unlock_netherite": {
    "criteria": {
      "inv_changed-netherite": "2025-01-04 14:17:14 +0000"
    },
    "done": true
  },
  "minecraft:husbandry/root": {
    "criteria": {
      "consumed_item": "2025-01-04 14:22:59 +0000"
    },
    "done": true
  },
  "immersive_aircraft:misc/aircraftery": {
    "criteria": {
      "has_item": "2025-01-04 14:32:16 +0000"
    },
    "done": true
  },
  "vintageimprovements:root": {
    "criteria": {
      "0": "2025-01-04 14:17:14 +0000"
    },
    "done": true
  },
  "toms_storage:unlock_dia_pearl": {
    "criteria": {
      "inv_changed-ender_pearl": "2025-01-04 14:17:14 +0000",
      "inv_changed-diamond": "2025-01-04 14:17:14 +0000"
    },
    "done": true
  },
  "minecraft:adventure/root": {
    "criteria": {
      "killed_something": "2025-01-04 14:25:11 +0000"
    },
    "done": true
  },
  "tombstone:adventure/cancel_ghostly_shape": {
    "criteria": {
      "coded_trigger": "2025-01-04 14:28:42 +0000"
    },
    "done": true
  },
  "minecraft:story/deflect_arrow": {
    "criteria": {
      "deflected_projectile": "2025-01-04 14:25:02 +0000"
    },
    "done": true
  },
  "farmersdelight:main/root": {
    "criteria": {
      "seeds": "2025-01-04 14:17:14 +0000"
    },
    "done": true
  },
  "farmersdelight:main/get_fd_seed": {
    "criteria": {
      "cabbage_seeds": "2025-01-04 14:36:51 +0000"
    },
    "done": true
  },
  "tombstone:adventure/root": {
    "criteria": {
      "auto": "2025-01-04 14:17:16 +0000"
    },
    "done": true
  },
  "cataclysm:root": {
    "criteria": {
      "custom_test_name": "2025-01-04 14:17:15 +0000"
    },
    "done": true
  },
  "minecraft:adventure/kill_all_mobs": {
    "criteria": {
      "minecraft:skeleton": "2025-01-04 14:25:11 +0000",
      "minecraft:zombie": "2025-01-04 14:25:42 +0000"
    },
    "done": false
  },
  "alexsmobs:alexsmobs/kangaroo": {
    "criteria": {
      "killed_by": "2025-01-04 14:40:19 +0000"
    },
    "done": true
  },
  "tombstone:adventure/find_grave_dust": {
    "criteria": {
      "from_undead": "2025-01-04 14:26:07 +0000"
    },
    "done": true
  },
  "dungeons_arise:wda_root": {
    "criteria": {
      "WDA": "2025-01-04 14:17:15 +0000"
    },
    "done": true
  },
  "vs_eureka:recipes/balloon_color": {
    "criteria": {
      "has_red_balloon": "2025-01-04 14:17:14 +0000",
      "has_black_balloon": "2025-01-04 14:17:14 +0000",
      "has_lime_balloon": "2025-01-04 14:17:14 +0000",
      "has_cyan_balloon": "2025-01-04 14:17:14 +0000",
      "has_light_blue_balloon": "2025-01-04 14:17:14 +0000",
      "has_gray_balloon": "2025-01-04 14:17:14 +0000",
      "has_pink_balloon": "2025-01-04 14:17:14 +0000",
      "has_light_gray_balloon": "2025-01-04 14:17:14 +0000",
      "has_white_balloon": "2025-01-04 14:17:14 +0000",
      "has_blue_balloon": "2025-01-04 14:17:14 +0000",
      "has_yellow_balloon": "2025-01-04 14:17:14 +0000",
      "has_purple_balloon": "2025-01-04 14:17:14 +0000",
      "has_orange_balloon": "2025-01-04 14:17:14 +0000",
      "has_brown_balloon": "2025-01-04 14:17:14 +0000",
      "has_green_balloon": "2025-01-04 14:17:14 +0000",
      "has_magenta_balloon": "2025-01-04 14:17:14 +0000"
    },
    "done": true
  },
  "minecraft:husbandry/balanced_diet": {
    "criteria": {
      "bread": "2025-01-04 14:22:59 +0000",
      "beetroot": "2025-01-04 14:41:04 +0000"
    },
    "done": false
  },
  "immersivecaves:immersive_caves": {
    "criteria": {
      "immersive_caves": "2025-01-04 14:17:15 +0000"
    },
    "done": true
  },
  "tombstone:recipes/from_grave_key": {
    "criteria": {
      "has_ingredient": "2025-01-04 14:28:28 +0000"
    },
    "done": true
  },
  "regions_unexplored:regions_explored": {
    "criteria": {
      "grassy_beach": "2025-01-04 14:41:56 +0000",
      "rocky_meadow": "2025-01-04 14:41:55 +0000",
      "chalk_cliffs": "2025-01-04 14:43:27 +0000",
      "prairie": "2025-01-04 14:43:11 +0000"
    },
    "done": false
  },
  "decoration_delight:decoration_101_advancement": {
    "criteria": {
      "decoration_101_advancement": "2025-01-04 14:17:15 +0000"
    },
    "done": true
  },
  "toms_storage:unlock_chest": {
    "criteria": {
      "inv_changed-chest": "2025-01-04 14:17:14 +0000"
    },
    "done": true
  },
  "create:root": {
    "criteria": {
      "0": "2025-01-04 14:17:14 +0000"
    },
    "done": true
  },
  "betterdeserttemples:root": {
    "criteria": {
      "always": "2025-01-04 14:17:15 +0000"
    },
    "done": true
  },
  "tombstone:adventure/first_knowledge": {
    "criteria": {
      "coded_trigger": "2025-01-04 14:28:42 +0000"
    },
    "done": true
  },
  "minecraft:story/upgrade_tools": {
    "criteria": {
      "stone_pickaxe": "2025-01-04 14:33:46 +0000"
    },
    "done": true
  },
  "alexsmobs:alexsmobs/root": {
    "criteria": {
      "useitem": "2025-01-04 14:25:02 +0000"
    },
    "done": true
  },
  "tombstone:adventure/first_grave": {
    "criteria": {
      "coded_trigger": "2025-01-04 14:28:26 +0000"
    },
    "done": true
  },
  "regions_unexplored:pioneer": {
    "criteria": {
      "grassy_beach": "2025-01-04 14:41:56 +0000",
      "rocky_meadow": "2025-01-04 14:41:55 +0000",
      "chalk_cliffs": "2025-01-04 14:43:27 +0000",
      "prairie": "2025-01-04 14:43:11 +0000"
    },
    "done": false
  },
  "minecraft:story/smelt_iron": {
    "criteria": {
      "iron": "2025-01-04 14:32:16 +0000"
    },
    "done": true
  },
  "vs_eureka:recipes/ship_helm": {
    "criteria": {
      "has_gold": "2025-01-04 14:17:14 +0000"
    },
    "done": true
  },
  "decoration_delight:the_search_begins_advancement": {
    "criteria": {
      "the_search_begins_advancement": "2025-01-04 14:17:15 +0000"
    },
    "done": true
  },
  "DataVersion": 3120
}