{
  "idas:idas_root": {
    "criteria": {
      "always": "2025-01-03 20:25:53 +0000"
    },
    "done": true
  },
  "betterdungeons:root": {
    "criteria": {
      "always": "2025-01-03 20:25:53 +0000"
    },
    "done": true
  },
  "crabbersdelight:main/root": {
    "criteria": {
      "seeds": "2025-01-03 20:25:52 +0000"
    },
    "done": true
  },
  "minecraft:adventure/kill_a_mob": {
    "criteria": {
      "minecraft:skeleton": "2025-01-03 20:31:04 +0000"
    },
    "done": true
  },
  "takesapillage:root": {
    "criteria": {
      "always": "2025-01-03 20:25:53 +0000"
    },
    "done": true
  },
  "alexsmobs:alexsmobs/seagull_steal": {
    "criteria": {
      "ex": "2025-01-03 20:25:56 +0000"
    },
    "done": true
  },
  "extradelight:start": {
    "criteria": {
      "start": "2025-01-03 20:25:52 +0000"
    },
    "done": true
  },
  "create_connected:root": {
    "criteria": {
      "0": "2025-01-03 20:25:52 +0000"
    },
    "done": true
  },
  "byg:root": {
    "criteria": {
      "tick": "2025-01-03 20:25:53 +0000"
    },
    "done": true
  },
  "tombstone:adventure/ashes_and_bones": {
    "criteria": {
      "coded_trigger": "2025-01-04 14:47:48 +0000"
    },
    "done": true
  },
  "create:copper": {
    "criteria": {
      "0": "2025-01-04 16:17:39 +0000"
    },
    "done": true
  },
  "byg:adventure/oh_the_biomes_youll_go": {
    "criteria": {
      "byg:rainbow_beach": "2025-01-04 14:36:58 +0000",
      "byg:orchard": "2025-01-04 14:47:48 +0000",
      "byg:jacaranda_forest": "2025-01-04 14:37:07 +0000",
      "byg:ebony_woods": "2025-01-04 14:37:55 +0000"
    },
    "done": false
  },
  "tombstone:recipes/from_grave_dust": {
    "criteria": {
      "has_ingredient": "2025-01-03 21:00:36 +0000"
    },
    "done": true
  },
  "toms_storage:unlock_glowstone": {
    "criteria": {
      "inv_changed-glowstone": "2025-01-03 20:25:52 +0000"
    },
    "done": true
  },
  "regions_unexplored:parent": {
    "criteria": {
      "load_in_world": "2025-01-03 20:25:54 +0000"
    },
    "done": true
  },
  "biomesoplenty:biomesoplenty/all_biomes": {
    "criteria": {
      "scrubland": "2025-01-04 14:42:12 +0000",
      "rainforest": "2025-01-03 20:41:08 +0000"
    },
    "done": false
  },
  "minecraft:story/mine_stone": {
    "criteria": {
      "get_stone": "2025-01-04 14:45:16 +0000"
    },
    "done": true
  },
  "friendsandfoes:misc/yellow_dye_from_buttercup": {
    "criteria": {
      "has_the_recipe": "2025-01-03 20:25:52 +0000"
    },
    "done": true
  },
  "minecraft:adventure/adventuring_time": {
    "criteria": {
      "minecraft:savanna_plateau": "2025-01-04 15:13:09 +0000",
      "minecraft:beach": "2025-01-03 20:25:54 +0000",
      "minecraft:lukewarm_ocean": "2025-01-04 14:43:34 +0000",
      "minecraft:river": "2025-01-04 14:39:51 +0000",
      "minecraft:lush_caves": "2025-01-04 14:45:07 +0000",
      "minecraft:jungle": "2025-01-03 20:31:02 +0000",
      "minecraft:savanna": "2025-01-04 14:42:02 +0000",
      "minecraft:plains": "2025-01-04 14:47:30 +0000"
    },
    "done": false
  },
  "byg:husbandry/root": {
    "criteria": {
      "consumed_item": "2025-01-03 20:30:59 +0000"
    },
    "done": true
  },
  "extradelight:food": {
    "criteria": {
      "food": "2025-01-03 20:30:59 +0000"
    },
    "done": true
  },
  "toms_storage:unlock_netherite": {
    "criteria": {
      "inv_changed-netherite": "2025-01-03 20:25:52 +0000"
    },
    "done": true
  },
  "minecraft:husbandry/root": {
    "criteria": {
      "consumed_item": "2025-01-03 20:30:59 +0000"
    },
    "done": true
  },
  "vintageimprovements:root": {
    "criteria": {
      "0": "2025-01-03 20:25:52 +0000"
    },
    "done": true
  },
  "immersive_aircraft:misc/aircraftery": {
    "criteria": {
      "has_item": "2025-01-04 15:38:18 +0000"
    },
    "done": true
  },
  "toms_storage:unlock_dia_pearl": {
    "criteria": {
      "inv_changed-ender_pearl": "2025-01-03 20:25:52 +0000",
      "inv_changed-diamond": "2025-01-03 20:25:52 +0000"
    },
    "done": true
  },
  "immersivecaves:wrong_dimension": {
    "criteria": {
      "wrong_dimension": "2025-01-04 16:25:44 +0000"
    },
    "done": true
  },
  "minecraft:adventure/root": {
    "criteria": {
      "killed_something": "2025-01-03 20:31:04 +0000"
    },
    "done": true
  },
  "tombstone:adventure/cancel_ghostly_shape": {
    "criteria": {
      "coded_trigger": "2025-01-04 14:44:20 +0000"
    },
    "done": true
  },
  "minecraft:story/deflect_arrow": {
    "criteria": {
      "deflected_projectile": "2025-01-03 21:04:43 +0000"
    },
    "done": true
  },
  "regions_unexplored:spelunker": {
    "criteria": {
      "ancient_delta": "2025-01-04 16:25:36 +0000"
    },
    "done": false
  },
  "farmersdelight:main/root": {
    "criteria": {
      "seeds": "2025-01-03 20:25:52 +0000"
    },
    "done": true
  },
  "farmersdelight:main/get_fd_seed": {
    "criteria": {
      "cabbage_seeds": "2025-01-04 14:36:53 +0000"
    },
    "done": true
  },
  "tombstone:adventure/root": {
    "criteria": {
      "auto": "2025-01-03 20:25:54 +0000"
    },
    "done": true
  },
  "cataclysm:root": {
    "criteria": {
      "custom_test_name": "2025-01-03 20:25:53 +0000"
    },
    "done": true
  },
  "minecraft:adventure/kill_all_mobs": {
    "criteria": {
      "minecraft:skeleton": "2025-01-03 20:31:04 +0000",
      "minecraft:spider": "2025-01-03 20:43:12 +0000",
      "minecraft:creeper": "2025-01-03 20:37:41 +0000",
      "minecraft:zombie": "2025-01-03 21:00:35 +0000"
    },
    "done": false
  },
  "tombstone:adventure/chain_death": {
    "criteria": {
      "coded_trigger": "2025-01-04 15:34:21 +0000"
    },
    "done": true
  },
  "alexsmobs:alexsmobs/kangaroo": {
    "criteria": {
      "killed_by": "2025-01-04 14:40:00 +0000"
    },
    "done": true
  },
  "tombstone:adventure/find_grave_dust": {
    "criteria": {
      "from_undead": "2025-01-03 21:00:35 +0000"
    },
    "done": true
  },
  "dungeons_arise:wda_root": {
    "criteria": {
      "WDA": "2025-01-03 20:25:53 +0000"
    },
    "done": true
  },
  "vs_eureka:recipes/balloon_color": {
    "criteria": {
      "has_red_balloon": "2025-01-03 20:25:52 +0000",
      "has_black_balloon": "2025-01-03 20:25:52 +0000",
      "has_lime_balloon": "2025-01-03 20:25:52 +0000",
      "has_cyan_balloon": "2025-01-03 20:25:52 +0000",
      "has_light_blue_balloon": "2025-01-03 20:25:52 +0000",
      "has_gray_balloon": "2025-01-03 20:25:52 +0000",
      "has_pink_balloon": "2025-01-03 20:25:52 +0000",
      "has_light_gray_balloon": "2025-01-03 20:25:52 +0000",
      "has_white_balloon": "2025-01-03 20:25:52 +0000",
      "has_blue_balloon": "2025-01-03 20:25:52 +0000",
      "has_yellow_balloon": "2025-01-03 20:25:52 +0000",
      "has_purple_balloon": "2025-01-03 20:25:52 +0000",
      "has_orange_balloon": "2025-01-03 20:25:52 +0000",
      "has_brown_balloon": "2025-01-03 20:25:52 +0000",
      "has_green_balloon": "2025-01-03 20:25:52 +0000",
      "has_magenta_balloon": "2025-01-03 20:25:52 +0000"
    },
    "done": true
  },
  "immersivecaves:immersive_caves": {
    "criteria": {
      "immersive_caves": "2025-01-03 20:25:53 +0000"
    },
    "done": true
  },
  "minecraft:husbandry/balanced_diet": {
    "criteria": {
      "baked_potato": "2025-01-04 15:15:02 +0000",
      "porkchop": "2025-01-04 14:40:19 +0000",
      "mutton": "2025-01-04 14:46:31 +0000",
      "bread": "2025-01-03 20:30:59 +0000",
      "melon_slice": "2025-01-03 21:05:51 +0000",
      "beetroot": "2025-01-04 14:36:38 +0000",
      "cooked_chicken": "2025-01-04 15:01:01 +0000",
      "carrot": "2025-01-04 14:34:23 +0000"
    },
    "done": false
  },
  "tombstone:recipes/from_grave_key": {
    "criteria": {
      "has_ingredient": "2025-01-03 21:01:10 +0000"
    },
    "done": true
  },
  "alexsmobs:alexsmobs/banana": {
    "criteria": {
      "banana": "2025-01-04 14:35:48 +0000"
    },
    "done": true
  },
  "idas:tinkers_workshop": {
    "criteria": {
      "in_tinkers_workshop": "2025-01-04 14:47:30 +0000"
    },
    "done": true
  },
  "regions_unexplored:regions_explored": {
    "criteria": {
      "shrubland": "2025-01-04 14:58:47 +0000",
      "ancient_delta": "2025-01-04 16:25:36 +0000",
      "barley_fields": "2025-01-04 15:13:42 +0000",
      "grassy_beach": "2025-01-03 21:04:21 +0000",
      "rocky_meadow": "2025-01-04 14:42:07 +0000",
      "deciduous_forest": "2025-01-04 14:58:48 +0000",
      "chalk_cliffs": "2025-01-04 14:43:24 +0000",
      "temperate_grove": "2025-01-04 14:58:04 +0000",
      "prairie": "2025-01-04 14:43:08 +0000",
      "redwoods": "2025-01-03 20:41:40 +0000"
    },
    "done": false
  },
  "decoration_delight:decoration_101_advancement": {
    "criteria": {
      "decoration_101_advancement": "2025-01-03 20:25:53 +0000"
    },
    "done": true
  },
  "biomesoplenty:biomesoplenty/root": {
    "criteria": {
      "rainforest": "2025-01-03 20:41:08 +0000"
    },
    "done": true
  },
  "toms_storage:unlock_chest": {
    "criteria": {
      "inv_changed-chest": "2025-01-03 20:25:52 +0000"
    },
    "done": true
  },
  "create:root": {
    "criteria": {
      "0": "2025-01-03 20:25:52 +0000"
    },
    "done": true
  },
  "betterdeserttemples:root": {
    "criteria": {
      "always": "2025-01-03 20:25:53 +0000"
    },
    "done": true
  },
  "minecraft:story/iron_tools": {
    "criteria": {
      "iron_pickaxe": "2025-01-04 15:38:30 +0000"
    },
    "done": true
  },
  "tombstone:adventure/first_knowledge": {
    "criteria": {
      "coded_trigger": "2025-01-04 14:44:20 +0000"
    },
    "done": true
  },
  "minecraft:story/upgrade_tools": {
    "criteria": {
      "stone_pickaxe": "2025-01-04 14:45:28 +0000"
    },
    "done": true
  },
  "tombstone:adventure/first_grave": {
    "criteria": {
      "coded_trigger": "2025-01-03 21:01:08 +0000"
    },
    "done": true
  },
  "minecraft:story/root": {
    "criteria": {
      "crafting_table": "2025-01-04 14:35:18 +0000"
    },
    "done": true
  },
  "regions_unexplored:pioneer": {
    "criteria": {
      "shrubland": "2025-01-04 14:58:47 +0000",
      "barley_fields": "2025-01-04 15:13:42 +0000",
      "grassy_beach": "2025-01-03 21:04:21 +0000",
      "rocky_meadow": "2025-01-04 14:42:07 +0000",
      "deciduous_forest": "2025-01-04 14:58:48 +0000",
      "chalk_cliffs": "2025-01-04 14:43:24 +0000",
      "temperate_grove": "2025-01-04 14:58:04 +0000",
      "prairie": "2025-01-04 14:43:08 +0000",
      "redwoods": "2025-01-03 20:41:40 +0000"
    },
    "done": false
  },
  "vs_eureka:recipes/ship_helm": {
    "criteria": {
      "has_gold": "2025-01-03 20:25:52 +0000"
    },
    "done": true
  },
  "supplementaries:adventure/way_sign": {
    "criteria": {
      "bastion": "2025-01-03 21:02:21 +0000"
    },
    "done": true
  },
  "minecraft:story/smelt_iron": {
    "criteria": {
      "iron": "2025-01-04 15:38:18 +0000"
    },
    "done": true
  },
  "decoration_delight:the_search_begins_advancement": {
    "criteria": {
      "the_search_begins_advancement": "2025-01-03 20:25:53 +0000"
    },
    "done": true
  },
  "byg:husbandry/forager": {
    "criteria": {
      "white_puffball_cap": "2025-01-04 14:37:51 +0000"
    },
    "done": true
  },
  "DataVersion": 3120
}