{
  "idas:idas_root": {
    "criteria": {
      "always": "2025-01-03 20:25:53 +0000"
    },
    "done": true
  },
  "farmersdelight:main/root": {
    "criteria": {
      "seeds": "2025-01-03 20:25:52 +0000"
    },
    "done": true
  },
  "betterdungeons:root": {
    "criteria": {
      "always": "2025-01-03 20:25:53 +0000"
    },
    "done": true
  },
  "crabbersdelight:main/root": {
    "criteria": {
      "seeds": "2025-01-03 20:25:52 +0000"
    },
    "done": true
  },
  "tombstone:adventure/root": {
    "criteria": {
      "auto": "2025-01-03 20:25:54 +0000"
    },
    "done": true
  },
  "minecraft:adventure/kill_a_mob": {
    "criteria": {
      "minecraft:skeleton": "2025-01-03 20:31:04 +0000"
    },
    "done": true
  },
  "cataclysm:root": {
    "criteria": {
      "custom_test_name": "2025-01-03 20:25:53 +0000"
    },
    "done": true
  },
  "minecraft:adventure/kill_all_mobs": {
    "criteria": {
      "minecraft:skeleton": "2025-01-03 20:31:04 +0000"
    },
    "done": false
  },
  "takesapillage:root": {
    "criteria": {
      "always": "2025-01-03 20:25:53 +0000"
    },
    "done": true
  },
  "alexsmobs:alexsmobs/seagull_steal": {
    "criteria": {
      "ex": "2025-01-03 20:25:56 +0000"
    },
    "done": true
  },
  "extradelight:start": {
    "criteria": {
      "start": "2025-01-03 20:25:52 +0000"
    },
    "done": true
  },
  "dungeons_arise:wda_root": {
    "criteria": {
      "WDA": "2025-01-03 20:25:53 +0000"
    },
    "done": true
  },
  "vs_eureka:recipes/balloon_color": {
    "criteria": {
      "has_red_balloon": "2025-01-03 20:25:52 +0000",
      "has_black_balloon": "2025-01-03 20:25:52 +0000",
      "has_lime_balloon": "2025-01-03 20:25:52 +0000",
      "has_cyan_balloon": "2025-01-03 20:25:52 +0000",
      "has_light_blue_balloon": "2025-01-03 20:25:52 +0000",
      "has_gray_balloon": "2025-01-03 20:25:52 +0000",
      "has_pink_balloon": "2025-01-03 20:25:52 +0000",
      "has_light_gray_balloon": "2025-01-03 20:25:52 +0000",
      "has_white_balloon": "2025-01-03 20:25:52 +0000",
      "has_blue_balloon": "2025-01-03 20:25:52 +0000",
      "has_yellow_balloon": "2025-01-03 20:25:52 +0000",
      "has_purple_balloon": "2025-01-03 20:25:52 +0000",
      "has_orange_balloon": "2025-01-03 20:25:52 +0000",
      "has_brown_balloon": "2025-01-03 20:25:52 +0000",
      "has_green_balloon": "2025-01-03 20:25:52 +0000",
      "has_magenta_balloon": "2025-01-03 20:25:52 +0000"
    },
    "done": true
  },
  "create_connected:root": {
    "criteria": {
      "0": "2025-01-03 20:25:52 +0000"
    },
    "done": true
  },
  "byg:root": {
    "criteria": {
      "tick": "2025-01-03 20:25:53 +0000"
    },
    "done": true
  },
  "immersivecaves:immersive_caves": {
    "criteria": {
      "immersive_caves": "2025-01-03 20:25:53 +0000"
    },
    "done": true
  },
  "minecraft:husbandry/balanced_diet": {
    "criteria": {
      "bread": "2025-01-03 20:30:59 +0000"
    },
    "done": false
  },
  "toms_storage:unlock_glowstone": {
    "criteria": {
      "inv_changed-glowstone": "2025-01-03 20:25:52 +0000"
    },
    "done": true
  },
  "regions_unexplored:parent": {
    "criteria": {
      "load_in_world": "2025-01-03 20:25:54 +0000"
    },
    "done": true
  },
  "friendsandfoes:misc/yellow_dye_from_buttercup": {
    "criteria": {
      "has_the_recipe": "2025-01-03 20:25:52 +0000"
    },
    "done": true
  },
  "decoration_delight:decoration_101_advancement": {
    "criteria": {
      "decoration_101_advancement": "2025-01-03 20:25:53 +0000"
    },
    "done": true
  },
  "minecraft:adventure/adventuring_time": {
    "criteria": {
      "minecraft:beach": "2025-01-03 20:25:54 +0000",
      "minecraft:jungle": "2025-01-03 20:31:02 +0000"
    },
    "done": false
  },
  "byg:husbandry/root": {
    "criteria": {
      "consumed_item": "2025-01-03 20:30:59 +0000"
    },
    "done": true
  },
  "extradelight:food": {
    "criteria": {
      "food": "2025-01-03 20:30:59 +0000"
    },
    "done": true
  },
  "toms_storage:unlock_chest": {
    "criteria": {
      "inv_changed-chest": "2025-01-03 20:25:52 +0000"
    },
    "done": true
  },
  "create:root": {
    "criteria": {
      "0": "2025-01-03 20:25:52 +0000"
    },
    "done": true
  },
  "betterdeserttemples:root": {
    "criteria": {
      "always": "2025-01-03 20:25:53 +0000"
    },
    "done": true
  },
  "toms_storage:unlock_netherite": {
    "criteria": {
      "inv_changed-netherite": "2025-01-03 20:25:52 +0000"
    },
    "done": true
  },
  "minecraft:husbandry/root": {
    "criteria": {
      "consumed_item": "2025-01-03 20:30:59 +0000"
    },
    "done": true
  },
  "vintageimprovements:root": {
    "criteria": {
      "0": "2025-01-03 20:25:52 +0000"
    },
    "done": true
  },
  "toms_storage:unlock_dia_pearl": {
    "criteria": {
      "inv_changed-ender_pearl": "2025-01-03 20:25:52 +0000",
      "inv_changed-diamond": "2025-01-03 20:25:52 +0000"
    },
    "done": true
  },
  "vs_eureka:recipes/ship_helm": {
    "criteria": {
      "has_gold": "2025-01-03 20:25:52 +0000"
    },
    "done": true
  },
  "minecraft:adventure/root": {
    "criteria": {
      "killed_something": "2025-01-03 20:31:04 +0000"
    },
    "done": true
  },
  "decoration_delight:the_search_begins_advancement": {
    "criteria": {
      "the_search_begins_advancement": "2025-01-03 20:25:53 +0000"
    },
    "done": true
  },
  "DataVersion": 3120
}